"id","price_id","min_quantity","max_quantity","tier_price","created_at","updated_at"
"","1","1000","10999","56.03","2026-04-09 20:05:00",""
"","1","11000","49999","54.66","2026-04-09 20:05:00",""
"","1","50000","99999","53.28","2026-04-09 20:05:00",""
"","1","100000","200000","50.53","2026-04-09 20:05:00",""
"","2","1000","10999","56.03","2026-04-09 20:05:00",""
"","2","11000","49999","54.66","2026-04-09 20:05:00",""
"","2","50000","99999","53.28","2026-04-09 20:05:00",""
"","2","100000","200000","50.53","2026-04-09 20:05:00",""
"","3","1000","10999","52.58","2026-04-09 20:05:00",""
"","3","11000","49999","51.21","2026-04-09 20:05:00",""
"","3","50000","99999","49.83","2026-04-09 20:05:00",""
"","3","100000","200000","47.08","2026-04-09 20:05:00",""
"","4","1000","10999","54.12","2026-04-09 20:05:00",""
"","4","11000","49999","52.74","2026-04-09 20:05:00",""
"","4","50000","99999","51.37","2026-04-09 20:05:00",""
"","4","100000","200000","48.61","2026-04-09 20:05:00",""
"","5","1000","10999","55.21","2026-04-09 20:05:00",""
"","5","11000","49999","53.84","2026-04-09 20:05:00",""
"","5","50000","99999","52.46","2026-04-09 20:05:00",""
"","5","100000","200000","49.71","2026-04-09 20:05:00",""
"","6","1000","10999","53.85","2026-04-09 20:05:00",""
"","6","11000","49999","52.45","2026-04-09 20:05:00",""
"","6","50000","99999","51.06","2026-04-09 20:05:00",""
"","6","100000","200000","48.23","2026-04-09 20:05:00",""
"","7","1000","10999","53.88","2026-04-09 20:05:00",""
"","7","11000","49999","52.47","2026-04-09 20:05:00",""
"","7","50000","99999","51.06","2026-04-09 20:05:00",""
"","7","100000","200000","48.23","2026-04-09 20:05:00",""
"","8","1000","10999","14.99","2026-04-09 20:05:00",""
"","8","11000","49999","13.86","2026-04-09 20:05:00",""
"","8","50000","99999","12.73","2026-04-09 20:05:00",""
"","8","100000","200000","11.31","2026-04-09 20:05:00",""
"","8","2000","10999","14.29","2026-04-09 20:05:00",""
"","8","11000","200000","0","2026-04-09 20:05:00",""
"","9","1000","10999","13.44","2026-04-09 20:05:00",""
"","9","11000","49999","13.09","2026-04-09 20:05:00",""
"","9","50000","99999","12.75","2026-04-09 20:05:00",""
"","9","100000","200000","12.06","2026-04-09 20:05:00",""
"","10","1000","10999","12.61","2026-04-09 20:05:00",""
"","10","11000","49999","12.33","2026-04-09 20:05:00",""
"","10","50000","99999","12.06","2026-04-09 20:05:00",""
"","10","100000","200000","11.37","2026-04-09 20:05:00",""
"","11","1000","10999","14.67","2026-04-09 20:05:00",""
"","11","11000","49999","14.05","2026-04-09 20:05:00",""
"","11","50000","99999","13.44","2026-04-09 20:05:00",""
"","11","100000","200000","12.75","2026-04-09 20:05:00",""
"","12","1000","10999","16.46","2026-04-09 20:05:00",""
"","12","11000","49999","16.05","2026-04-09 20:05:00",""
"","12","50000","99999","15.64","2026-04-09 20:05:00",""
"","12","100000","200000","15.09","2026-04-09 20:05:00",""
"","13","1000","10999","7.65","2026-04-09 20:05:00",""
"","13","11000","49999","7.1","2026-04-09 20:05:00",""
"","13","50000","99999","6.55","2026-04-09 20:05:00",""
"","13","100000","200000","5.73","2026-04-09 20:05:00",""
"","14","1000","49999","0","2026-04-09 20:05:00",""
"","14","50000","200000","8.53","2026-04-09 20:05:00",""
"","15","1000","10999","6.97","2026-04-09 20:05:00",""
"","15","11000","49999","6.58","2026-04-09 20:05:00",""
"","15","50000","99999","6.19","2026-04-09 20:05:00",""
"","15","100000","200000","5.64","2026-04-09 20:05:00",""
"","16","1000","10999","6.19","2026-04-09 20:05:00",""
"","16","11000","49999","5.85","2026-04-09 20:05:00",""
"","16","50000","99999","5.51","2026-04-09 20:05:00",""
"","16","100000","200000","4.82","2026-04-09 20:05:00",""
"","17","1000","10999","9.86","2026-04-09 20:05:00",""
"","17","11000","49999","9.58","2026-04-09 20:05:00",""
"","17","50000","99999","9.31","2026-04-09 20:05:00",""
"","17","100000","200000","8.48","2026-04-09 20:05:00",""
"","18","1000","10999","20.04","2026-04-09 20:05:00",""
"","18","11000","49999","19.35","2026-04-09 20:05:00",""
"","18","50000","99999","18.67","2026-04-09 20:05:00",""
"","18","100000","200000","17.29","2026-04-09 20:05:00",""
"","19","1000","10999","13.77","2026-04-09 20:05:00",""
"","19","11000","49999","13.08","2026-04-09 20:05:00",""
"","19","50000","99999","12.39","2026-04-09 20:05:00",""
"","19","100000","200000","11.01","2026-04-09 20:05:00",""
"","20","1000","10999","18.94","2026-04-09 20:05:00",""
"","20","11000","49999","18.25","2026-04-09 20:05:00",""
"","20","50000","99999","17.56","2026-04-09 20:05:00",""
"","20","100000","200000","16.19","2026-04-09 20:05:00",""
"","21","1000","10999","14.66","2026-04-09 20:05:00",""
"","21","11000","49999","14.02","2026-04-09 20:05:00",""
"","21","50000","99999","13.37","2026-04-09 20:05:00",""
"","21","100000","200000","12.36","2026-04-09 20:05:00",""
"","21","50000","200000","9.09","2026-04-09 20:05:00",""
"","22","1000","10999","55.06","2026-04-09 20:05:00",""
"","22","11000","49999","48.18","2026-04-09 20:05:00",""
"","22","50000","99999","41.3","2026-04-09 20:05:00",""
"","22","100000","200000","27.53","2026-04-09 20:05:00",""
"","23","1000","10999","18.8","2026-04-09 20:05:00",""
"","23","11000","49999","18.46","2026-04-09 20:05:00",""
"","23","50000","99999","18.12","2026-04-09 20:05:00",""
"","23","100000","200000","17.43","2026-04-09 20:05:00",""
"","24","1000","10999","15.67","2026-04-09 20:05:00",""
"","24","11000","49999","14.57","2026-04-09 20:05:00",""
"","24","50000","99999","13.46","2026-04-09 20:05:00",""
"","24","100000","200000","12.09","2026-04-09 20:05:00",""
"","24","2000","10999","14.54","2026-04-09 20:05:00",""
"","24","11000","200000","14.4","2026-04-09 20:05:00",""
"","25","1000","10999","18.54","2026-04-09 20:05:00",""
"","25","11000","49999","17.85","2026-04-09 20:05:00",""
"","25","50000","99999","17.16","2026-04-09 20:05:00",""
"","25","100000","200000","15.78","2026-04-09 20:05:00",""
"","25","2000","10999","15.67","2026-04-09 20:05:00",""
"","25","11000","200000","15.6","2026-04-09 20:05:00",""
"","26","1000","10999","18.42","2026-04-09 20:05:00",""
"","26","11000","49999","17.71","2026-04-09 20:05:00",""
"","26","50000","99999","17","2026-04-09 20:05:00",""
"","26","100000","200000","15.59","2026-04-09 20:05:00",""
"","26","2000","10999","15.59","2026-04-09 20:05:00",""
"","26","11000","200000","15.51","2026-04-09 20:05:00",""
"","27","1000","10999","19.77","2026-04-09 20:05:00",""
"","27","11000","49999","19.09","2026-04-09 20:05:00",""
"","27","50000","99999","18.4","2026-04-09 20:05:00",""
"","27","100000","200000","17.02","2026-04-09 20:05:00",""
"","27","2000","10999","17.88","2026-04-09 20:05:00",""
"","27","11000","200000","17.79","2026-04-09 20:05:00",""
"","28","1000","10999","13.77","2026-04-09 20:05:00",""
"","28","11000","49999","13.19","2026-04-09 20:05:00",""
"","28","50000","99999","12.61","2026-04-09 20:05:00",""
"","28","100000","200000","11.23","2026-04-09 20:05:00",""
"","29","1000","10999","19.77","2026-04-09 20:05:00",""
"","29","11000","49999","19.09","2026-04-09 20:05:00",""
"","29","50000","99999","18.4","2026-04-09 20:05:00",""
"","29","100000","200000","17.02","2026-04-09 20:05:00",""
"","29","2000","10999","19.27","2026-04-09 20:05:00",""
"","29","11000","200000","19.01","2026-04-09 20:05:00",""
"","30","1000","10999","18.54","2026-04-09 20:05:00",""
"","30","11000","49999","17.85","2026-04-09 20:05:00",""
"","30","50000","99999","17.16","2026-04-09 20:05:00",""
"","30","100000","200000","15.78","2026-04-09 20:05:00",""
"","31","1000","10999","18.54","2026-04-09 20:05:00",""
"","31","11000","49999","17.85","2026-04-09 20:05:00",""
"","31","50000","99999","17.16","2026-04-09 20:05:00",""
"","31","100000","200000","15.78","2026-04-09 20:05:00",""
"","32","1000","10999","19.77","2026-04-09 20:05:00",""
"","32","11000","49999","19.09","2026-04-09 20:05:00",""
"","32","50000","99999","18.4","2026-04-09 20:05:00",""
"","32","100000","200000","17.02","2026-04-09 20:05:00",""
"","33","1000","10999","18.6","2026-04-09 20:05:00",""
"","33","11000","49999","17.91","2026-04-09 20:05:00",""
"","33","50000","99999","17.22","2026-04-09 20:05:00",""
"","33","100000","200000","15.85","2026-04-09 20:05:00",""
"","34","1000","10999","17.04","2026-04-09 20:05:00",""
"","34","11000","49999","16.35","2026-04-09 20:05:00",""
"","34","50000","99999","15.67","2026-04-09 20:05:00",""
"","34","100000","200000","14.29","2026-04-09 20:05:00",""
"","35","1000","10999","19.66","2026-04-09 20:05:00",""
"","35","11000","49999","18.96","2026-04-09 20:05:00",""
"","35","50000","99999","18.26","2026-04-09 20:05:00",""
"","35","100000","200000","16.85","2026-04-09 20:05:00",""
"","36","1000","10999","18.94","2026-04-09 20:05:00",""
"","36","11000","49999","18.25","2026-04-09 20:05:00",""
"","36","50000","99999","17.56","2026-04-09 20:05:00",""
"","36","100000","200000","16.19","2026-04-09 20:05:00",""
"","37","1000","10999","20.19","2026-04-09 20:05:00",""
"","37","11000","49999","19.5","2026-04-09 20:05:00",""
"","37","50000","99999","18.81","2026-04-09 20:05:00",""
"","37","100000","200000","17.43","2026-04-09 20:05:00",""
"","38","1000","10999","17.78","2026-04-09 20:05:00",""
"","38","11000","49999","17.09","2026-04-09 20:05:00",""
"","38","50000","99999","16.41","2026-04-09 20:05:00",""
"","38","100000","200000","15.03","2026-04-09 20:05:00",""
"","39","1000","10999","17.92","2026-04-09 20:05:00",""
"","39","11000","49999","17.2","2026-04-09 20:05:00",""
"","39","50000","99999","16.47","2026-04-09 20:05:00",""
"","39","100000","200000","15.06","2026-04-09 20:05:00",""
"","40","1000","10999","18.07","2026-04-09 20:05:00",""
"","40","11000","49999","17.38","2026-04-09 20:05:00",""
"","40","50000","99999","16.7","2026-04-09 20:05:00",""
"","40","100000","200000","15.32","2026-04-09 20:05:00",""
"","40","2000","10999","15.67","2026-04-09 20:05:00",""
"","40","11000","200000","15.6","2026-04-09 20:05:00",""
"","41","1000","10999","19.6","2026-04-09 20:05:00",""
"","41","11000","49999","18.89","2026-04-09 20:05:00",""
"","41","50000","99999","18.17","2026-04-09 20:05:00",""
"","41","100000","200000","16.74","2026-04-09 20:05:00",""
"","42","1000","10999","21.43","2026-04-09 20:05:00",""
"","42","11000","49999","20.75","2026-04-09 20:05:00",""
"","42","50000","99999","20.06","2026-04-09 20:05:00",""
"","42","100000","200000","18.68","2026-04-09 20:05:00",""
"","42","2000","10999","20.73","2026-04-09 20:05:00",""
"","42","11000","200000","20.07","2026-04-09 20:05:00",""
"","43","1000","10999","18.24","2026-04-09 20:05:00",""
"","43","11000","49999","17.55","2026-04-09 20:05:00",""
"","43","50000","99999","16.86","2026-04-09 20:05:00",""
"","43","100000","200000","15.49","2026-04-09 20:05:00",""
"","44","1000","10999","21.43","2026-04-09 20:05:00",""
"","44","11000","49999","20.75","2026-04-09 20:05:00",""
"","44","50000","99999","20.06","2026-04-09 20:05:00",""
"","44","100000","200000","18.68","2026-04-09 20:05:00",""
"","44","2000","10999","20.99","2026-04-09 20:05:00",""
"","44","11000","200000","20.73","2026-04-09 20:05:00",""
"","45","1000","10999","22.52","2026-04-09 20:05:00",""
"","45","11000","49999","21.83","2026-04-09 20:05:00",""
"","45","50000","99999","21.14","2026-04-09 20:05:00",""
"","45","100000","200000","19.77","2026-04-09 20:05:00",""
"","46","1000","10999","21.14","2026-04-09 20:05:00",""
"","46","11000","49999","20.46","2026-04-09 20:05:00",""
"","46","50000","99999","19.77","2026-04-09 20:05:00",""
"","46","100000","200000","18.39","2026-04-09 20:05:00",""
"","47","1000","10999","21.14","2026-04-09 20:05:00",""
"","47","11000","49999","20.46","2026-04-09 20:05:00",""
"","47","50000","99999","19.77","2026-04-09 20:05:00",""
"","47","100000","200000","18.39","2026-04-09 20:05:00",""
"","48","1000","10999","17.21","2026-04-09 20:05:00",""
"","48","11000","49999","16.52","2026-04-09 20:05:00",""
"","48","50000","99999","15.83","2026-04-09 20:05:00",""
"","48","100000","200000","14.45","2026-04-09 20:05:00",""
"","49","1000","10999","15.71","2026-04-09 20:05:00",""
"","49","11000","49999","14.61","2026-04-09 20:05:00",""
"","49","50000","99999","13.51","2026-04-09 20:05:00",""
"","49","100000","200000","12.13","2026-04-09 20:05:00",""
"","50","1000","10999","15.77","2026-04-09 20:05:00",""
"","50","11000","49999","15.42","2026-04-09 20:05:00",""
"","50","50000","99999","15.08","2026-04-09 20:05:00",""
"","50","100000","200000","14.39","2026-04-09 20:05:00",""
"","51","1000","10999","16.05","2026-04-09 20:05:00",""
"","51","11000","49999","15.64","2026-04-09 20:05:00",""
"","51","50000","99999","15.22","2026-04-09 20:05:00",""
"","51","100000","200000","14.4","2026-04-09 20:05:00",""
"","52","1000","10999","17.33","2026-04-09 20:05:00",""
"","52","11000","49999","16.99","2026-04-09 20:05:00",""
"","52","50000","99999","16.64","2026-04-09 20:05:00",""
"","52","100000","200000","15.96","2026-04-09 20:05:00",""
"","53","1000","10999","17.65","2026-04-09 20:05:00",""
"","53","11000","49999","17.31","2026-04-09 20:05:00",""
"","53","50000","99999","16.96","2026-04-09 20:05:00",""
"","53","100000","200000","16.28","2026-04-09 20:05:00",""
"","53","2000","10999","15.36","2026-04-09 20:05:00",""
"","53","11000","200000","15.31","2026-04-09 20:05:00",""
"","54","1000","10999","15.65","2026-04-09 20:05:00",""
"","54","11000","49999","14.96","2026-04-09 20:05:00",""
"","54","50000","99999","14.27","2026-04-09 20:05:00",""
"","54","100000","200000","12.89","2026-04-09 20:05:00",""
"","55","1000","10999","15.68","2026-04-09 20:05:00",""
"","55","11000","49999","14.96","2026-04-09 20:05:00",""
"","55","50000","99999","14.24","2026-04-09 20:05:00",""
"","55","100000","200000","12.82","2026-04-09 20:05:00",""
"","56","1000","10999","15.99","2026-04-09 20:05:00",""
"","56","11000","49999","15.31","2026-04-09 20:05:00",""
"","56","50000","99999","14.62","2026-04-09 20:05:00",""
"","56","100000","200000","13.24","2026-04-09 20:05:00",""
"","57","1000","10999","16.37","2026-04-09 20:05:00",""
"","57","11000","49999","15.68","2026-04-09 20:05:00",""
"","57","50000","99999","14.99","2026-04-09 20:05:00",""
"","57","100000","200000","13.62","2026-04-09 20:05:00",""
"","58","1000","10999","15.96","2026-04-09 20:05:00",""
"","58","11000","49999","15.27","2026-04-09 20:05:00",""
"","58","50000","99999","14.58","2026-04-09 20:05:00",""
"","58","100000","200000","13.2","2026-04-09 20:05:00",""
"","59","1000","10999","28.43","2026-04-09 20:05:00",""
"","59","11000","49999","27.74","2026-04-09 20:05:00",""
"","59","50000","99999","27.06","2026-04-09 20:05:00",""
"","59","100000","200000","25.68","2026-04-09 20:05:00",""
"","60","1000","10999","27.39","2026-04-09 20:05:00",""
"","60","11000","49999","26.67","2026-04-09 20:05:00",""
"","60","50000","99999","25.95","2026-04-09 20:05:00",""
"","60","100000","200000","24.5","2026-04-09 20:05:00",""
"","61","1000","10999","14.45","2026-04-09 20:05:00",""
"","61","11000","49999","14.11","2026-04-09 20:05:00",""
"","61","50000","99999","13.77","2026-04-09 20:05:00",""
"","61","100000","200000","13.08","2026-04-09 20:05:00",""
"","62","1000","10999","17.25","2026-04-09 20:05:00",""
"","62","11000","49999","16.89","2026-04-09 20:05:00",""
"","62","50000","99999","16.53","2026-04-09 20:05:00",""
"","62","100000","200000","15.82","2026-04-09 20:05:00",""
"","63","1000","10999","15.83","2026-04-09 20:05:00",""
"","63","11000","49999","15.49","2026-04-09 20:05:00",""
"","63","50000","99999","15.14","2026-04-09 20:05:00",""
"","63","100000","200000","14.45","2026-04-09 20:05:00",""
"","64","1000","10999","13.77","2026-04-09 20:05:00",""
"","64","11000","49999","13.08","2026-04-09 20:05:00",""
"","64","50000","99999","12.39","2026-04-09 20:05:00",""
"","64","100000","200000","11.01","2026-04-09 20:05:00",""
"","65","1000","10999","27.06","2026-04-09 20:05:00",""
"","65","11000","49999","26.37","2026-04-09 20:05:00",""
"","65","50000","99999","25.68","2026-04-09 20:05:00",""
"","65","100000","200000","24.3","2026-04-09 20:05:00",""
"","66","1000","10999","27.06","2026-04-09 20:05:00",""
"","66","11000","49999","26.37","2026-04-09 20:05:00",""
"","66","50000","99999","25.68","2026-04-09 20:05:00",""
"","66","100000","200000","24.3","2026-04-09 20:05:00",""
"","67","1000","10999","27.06","2026-04-09 20:05:00",""
"","67","11000","49999","26.37","2026-04-09 20:05:00",""
"","67","50000","99999","25.68","2026-04-09 20:05:00",""
"","67","100000","200000","24.3","2026-04-09 20:05:00",""
"","68","1000","10999","28.43","2026-04-09 20:05:00",""
"","68","11000","49999","27.74","2026-04-09 20:05:00",""
"","68","50000","99999","27.06","2026-04-09 20:05:00",""
"","68","100000","200000","25.68","2026-04-09 20:05:00",""
"","69","1000","10999","27.27","2026-04-09 20:05:00",""
"","69","11000","49999","26.58","2026-04-09 20:05:00",""
"","69","50000","99999","25.9","2026-04-09 20:05:00",""
"","69","100000","200000","24.52","2026-04-09 20:05:00",""
"","70","1000","10999","27.27","2026-04-09 20:05:00",""
"","70","11000","49999","26.58","2026-04-09 20:05:00",""
"","70","50000","99999","25.9","2026-04-09 20:05:00",""
"","70","100000","200000","24.52","2026-04-09 20:05:00",""
"","71","1000","10999","27.27","2026-04-09 20:05:00",""
"","71","11000","49999","26.58","2026-04-09 20:05:00",""
"","71","50000","99999","25.9","2026-04-09 20:05:00",""
"","71","100000","200000","24.52","2026-04-09 20:05:00",""
"","72","1000","10999","27.27","2026-04-09 20:05:00",""
"","72","11000","49999","26.58","2026-04-09 20:05:00",""
"","72","50000","99999","25.9","2026-04-09 20:05:00",""
"","72","100000","200000","24.52","2026-04-09 20:05:00",""
"","73","1000","10999","27.27","2026-04-09 20:05:00",""
"","73","11000","49999","26.58","2026-04-09 20:05:00",""
"","73","50000","99999","25.9","2026-04-09 20:05:00",""
"","73","100000","200000","24.52","2026-04-09 20:05:00",""
"","74","1000","10999","27.27","2026-04-09 20:05:00",""
"","74","11000","49999","26.58","2026-04-09 20:05:00",""
"","74","50000","99999","25.9","2026-04-09 20:05:00",""
"","74","100000","200000","24.52","2026-04-09 20:05:00",""
"","75","1000","10999","27.34","2026-04-09 20:05:00",""
"","75","11000","49999","26.61","2026-04-09 20:05:00",""
"","75","50000","99999","25.89","2026-04-09 20:05:00",""
"","75","100000","200000","24.44","2026-04-09 20:05:00",""
"","76","1000","10999","27.27","2026-04-09 20:05:00",""
"","76","11000","49999","26.58","2026-04-09 20:05:00",""
"","76","50000","99999","25.9","2026-04-09 20:05:00",""
"","76","100000","200000","24.52","2026-04-09 20:05:00",""
"","77","1000","10999","30.32","2026-04-09 20:05:00",""
"","77","11000","49999","29.63","2026-04-09 20:05:00",""
"","77","50000","99999","28.94","2026-04-09 20:05:00",""
"","77","100000","200000","27.56","2026-04-09 20:05:00",""
"","78","1000","10999","30.32","2026-04-09 20:05:00",""
"","78","11000","49999","29.63","2026-04-09 20:05:00",""
"","78","50000","99999","28.94","2026-04-09 20:05:00",""
"","78","100000","200000","27.56","2026-04-09 20:05:00",""
"","79","1000","10999","18.21","2026-04-09 20:05:00",""
"","79","11000","49999","17.51","2026-04-09 20:05:00",""
"","79","50000","99999","16.81","2026-04-09 20:05:00",""
"","79","100000","200000","15.41","2026-04-09 20:05:00",""
"","80","1000","10999","15.09","2026-04-09 20:05:00",""
"","80","11000","49999","14.98","2026-04-09 20:05:00",""
"","80","50000","99999","14.87","2026-04-09 20:05:00",""
"","80","100000","200000","14.59","2026-04-09 20:05:00",""
"","81","1000","10999","14.13","2026-04-09 20:05:00",""
"","81","11000","49999","13.7","2026-04-09 20:05:00",""
"","81","50000","99999","13.27","2026-04-09 20:05:00",""
"","81","100000","200000","12.98","2026-04-09 20:05:00",""
"","81","1000","49999","0","2026-04-09 20:05:00",""
"","81","50000","200000","8.53","2026-04-09 20:05:00",""
"","82","1000","49999","0","2026-04-09 20:05:00",""
"","82","50000","200000","9.58","2026-04-09 20:05:00",""
"","83","1000","10999","17.39","2026-04-09 20:05:00",""
"","83","11000","49999","16.67","2026-04-09 20:05:00",""
"","83","50000","99999","15.95","2026-04-09 20:05:00",""
"","83","100000","200000","14.52","2026-04-09 20:05:00",""
"","84","1000","10999","15.09","2026-04-09 20:05:00",""
"","84","11000","49999","14.98","2026-04-09 20:05:00",""
"","84","50000","99999","14.87","2026-04-09 20:05:00",""
"","84","100000","200000","14.59","2026-04-09 20:05:00",""
"","85","1000","10999","17.42","2026-04-09 20:05:00",""
"","85","11000","49999","16.94","2026-04-09 20:05:00",""
"","85","50000","99999","16.47","2026-04-09 20:05:00",""
"","85","100000","200000","15.79","2026-04-09 20:05:00",""
"","86","1000","10999","24.38","2026-04-09 20:05:00",""
"","86","11000","49999","23.69","2026-04-09 20:05:00",""
"","86","50000","99999","23.01","2026-04-09 20:05:00",""
"","86","100000","200000","21.63","2026-04-09 20:05:00",""
"","87","1000","10999","25.89","2026-04-09 20:05:00",""
"","87","11000","49999","25.13","2026-04-09 20:05:00",""
"","87","50000","99999","24.37","2026-04-09 20:05:00",""
"","87","100000","200000","23.75","2026-04-09 20:05:00",""
"","88","1000","10999","25.83","2026-04-09 20:05:00",""
"","88","11000","49999","25.07","2026-04-09 20:05:00",""
"","88","50000","99999","24.31","2026-04-09 20:05:00",""
"","88","100000","200000","23.69","2026-04-09 20:05:00",""
"","89","1000","10999","25.82","2026-04-09 20:05:00",""
"","89","11000","49999","25.03","2026-04-09 20:05:00",""
"","89","50000","99999","24.23","2026-04-09 20:05:00",""
"","89","100000","200000","23.53","2026-04-09 20:05:00",""
"","90","1000","10999","25.82","2026-04-09 20:05:00",""
"","90","11000","49999","25.03","2026-04-09 20:05:00",""
"","90","50000","99999","24.23","2026-04-09 20:05:00",""
"","90","100000","200000","23.53","2026-04-09 20:05:00",""
"","91","1000","10999","25.82","2026-04-09 20:05:00",""
"","91","11000","49999","24.36","2026-04-09 20:05:00",""
"","91","50000","99999","22.91","2026-04-09 20:05:00",""
"","91","100000","200000","22.23","2026-04-09 20:05:00",""
"","92","1000","10999","25.82","2026-04-09 20:05:00",""
"","92","11000","49999","24.36","2026-04-09 20:05:00",""
"","92","50000","99999","22.91","2026-04-09 20:05:00",""
"","92","100000","200000","22.23","2026-04-09 20:05:00",""
"","93","1000","10999","25.41","2026-04-09 20:05:00",""
"","93","11000","49999","24.65","2026-04-09 20:05:00",""
"","93","50000","99999","23.9","2026-04-09 20:05:00",""
"","93","100000","200000","22.38","2026-04-09 20:05:00",""
"","94","1000","10999","25.41","2026-04-09 20:05:00",""
"","94","11000","49999","24.65","2026-04-09 20:05:00",""
"","94","50000","99999","23.9","2026-04-09 20:05:00",""
"","94","100000","200000","22.38","2026-04-09 20:05:00",""
"","95","1000","10999","24.86","2026-04-09 20:05:00",""
"","95","11000","49999","24.1","2026-04-09 20:05:00",""
"","95","50000","99999","23.35","2026-04-09 20:05:00",""
"","95","100000","200000","21.83","2026-04-09 20:05:00",""
"","96","1000","10999","24.86","2026-04-09 20:05:00",""
"","96","11000","49999","24.1","2026-04-09 20:05:00",""
"","96","50000","99999","23.35","2026-04-09 20:05:00",""
"","96","100000","200000","21.83","2026-04-09 20:05:00",""
"","97","1000","10999","27.03","2026-04-09 20:05:00",""
"","97","11000","49999","26.31","2026-04-09 20:05:00",""
"","97","50000","99999","25.59","2026-04-09 20:05:00",""
"","97","100000","200000","24.16","2026-04-09 20:05:00",""
"","98","1000","10999","26.14","2026-04-09 20:05:00",""
"","98","11000","49999","25.42","2026-04-09 20:05:00",""
"","98","50000","99999","24.7","2026-04-09 20:05:00",""
"","98","100000","200000","23.27","2026-04-09 20:05:00",""
"","99","1000","10999","26.2","2026-04-09 20:05:00",""
"","99","11000","49999","25.48","2026-04-09 20:05:00",""
"","99","50000","99999","24.77","2026-04-09 20:05:00",""
"","99","100000","200000","23.33","2026-04-09 20:05:00",""
"","100","1000","10999","27.62","2026-04-09 20:05:00",""
"","100","11000","49999","26.93","2026-04-09 20:05:00",""
"","100","50000","99999","26.24","2026-04-09 20:05:00",""
"","100","100000","200000","24.86","2026-04-09 20:05:00",""
"","101","1000","10999","27.29","2026-04-09 20:05:00",""
"","101","11000","49999","26.6","2026-04-09 20:05:00",""
"","101","50000","99999","25.91","2026-04-09 20:05:00",""
"","101","100000","200000","24.53","2026-04-09 20:05:00",""
"","102","1000","10999","27.29","2026-04-09 20:05:00",""
"","102","11000","49999","26.6","2026-04-09 20:05:00",""
"","102","50000","99999","25.91","2026-04-09 20:05:00",""
"","102","100000","200000","24.53","2026-04-09 20:05:00",""
"","103","1000","10999","22.55","2026-04-09 20:05:00",""
"","103","11000","49999","21.85","2026-04-09 20:05:00",""
"","103","50000","99999","21.15","2026-04-09 20:05:00",""
"","103","100000","200000","19.74","2026-04-09 20:05:00",""
"","104","1000","10999","23.98","2026-04-09 20:05:00",""
"","104","11000","49999","23.3","2026-04-09 20:05:00",""
"","104","50000","99999","22.61","2026-04-09 20:05:00",""
"","104","100000","200000","21.23","2026-04-09 20:05:00",""
"","105","1000","10999","22.61","2026-04-09 20:05:00",""
"","105","11000","49999","21.92","2026-04-09 20:05:00",""
"","105","50000","99999","21.23","2026-04-09 20:05:00",""
"","105","100000","200000","19.85","2026-04-09 20:05:00",""
"","106","1000","10999","22.61","2026-04-09 20:05:00",""
"","106","11000","49999","21.92","2026-04-09 20:05:00",""
"","106","50000","99999","21.23","2026-04-09 20:05:00",""
"","106","100000","200000","19.85","2026-04-09 20:05:00",""
"","107","1000","10999","22.61","2026-04-09 20:05:00",""
"","107","11000","49999","21.92","2026-04-09 20:05:00",""
"","107","50000","99999","21.23","2026-04-09 20:05:00",""
"","107","100000","200000","19.85","2026-04-09 20:05:00",""
"","108","1000","10999","22.61","2026-04-09 20:05:00",""
"","108","11000","49999","21.92","2026-04-09 20:05:00",""
"","108","50000","99999","21.23","2026-04-09 20:05:00",""
"","108","100000","200000","19.85","2026-04-09 20:05:00",""
"","109","1000","10999","22.55","2026-04-09 20:05:00",""
"","109","11000","49999","21.85","2026-04-09 20:05:00",""
"","109","50000","99999","21.15","2026-04-09 20:05:00",""
"","109","100000","200000","19.74","2026-04-09 20:05:00",""
"","110","1000","10999","22.59","2026-04-09 20:05:00",""
"","110","11000","49999","21.86","2026-04-09 20:05:00",""
"","110","50000","99999","21.13","2026-04-09 20:05:00",""
"","110","100000","200000","19.67","2026-04-09 20:05:00",""
"","111","1000","10999","23.44","2026-04-09 20:05:00",""
"","111","11000","49999","23.37","2026-04-09 20:05:00",""
"","111","50000","99999","23.3","2026-04-09 20:05:00",""
"","111","100000","200000","14.5","2026-04-09 20:05:00",""
"","112","1000","10999","15.14","2026-04-09 20:05:00",""
"","112","11000","49999","14.45","2026-04-09 20:05:00",""
"","112","50000","99999","13.77","2026-04-09 20:05:00",""
"","112","100000","200000","14.45","2026-04-09 20:05:00",""
"","113","1000","10999","23.59","2026-04-09 20:05:00",""
"","113","11000","49999","22.88","2026-04-09 20:05:00",""
"","113","50000","99999","22.16","2026-04-09 20:05:00",""
"","113","100000","200000","20.73","2026-04-09 20:05:00",""
"","114","1000","10999","23.98","2026-04-09 20:05:00",""
"","114","11000","49999","23.3","2026-04-09 20:05:00",""
"","114","50000","99999","22.61","2026-04-09 20:05:00",""
"","114","100000","200000","21.23","2026-04-09 20:05:00",""
"","115","1000","10999","22.55","2026-04-09 20:05:00",""
"","115","11000","49999","21.85","2026-04-09 20:05:00",""
"","115","50000","99999","21.15","2026-04-09 20:05:00",""
"","115","100000","200000","19.74","2026-04-09 20:05:00",""
"","116","1000","10999","22.59","2026-04-09 20:05:00",""
"","116","11000","49999","21.86","2026-04-09 20:05:00",""
"","116","50000","99999","21.13","2026-04-09 20:05:00",""
"","116","100000","200000","19.67","2026-04-09 20:05:00",""
"","117","1000","10999","21.56","2026-04-09 20:05:00",""
"","117","11000","49999","21.49","2026-04-09 20:05:00",""
"","117","50000","99999","21.42","2026-04-09 20:05:00",""
"","117","100000","200000","21.28","2026-04-09 20:05:00",""
"","118","1000","10999","23.72","2026-04-09 20:05:00",""
"","118","11000","49999","23.01","2026-04-09 20:05:00",""
"","118","50000","99999","22.29","2026-04-09 20:05:00",""
"","118","100000","200000","20.85","2026-04-09 20:05:00",""
"","119","1000","10999","22.59","2026-04-09 20:05:00",""
"","119","11000","49999","21.86","2026-04-09 20:05:00",""
"","119","50000","99999","21.13","2026-04-09 20:05:00",""
"","119","100000","200000","19.67","2026-04-09 20:05:00",""
"","120","1000","10999","23.98","2026-04-09 20:05:00",""
"","120","11000","49999","23.3","2026-04-09 20:05:00",""
"","120","50000","99999","22.61","2026-04-09 20:05:00",""
"","120","100000","200000","21.23","2026-04-09 20:05:00",""
"","121","1000","10999","21.27","2026-04-09 20:05:00",""
"","121","11000","49999","20.59","2026-04-09 20:05:00",""
"","121","50000","99999","19.9","2026-04-09 20:05:00",""
"","121","100000","200000","18.52","2026-04-09 20:05:00",""
"","122","1000","10999","23.44","2026-04-09 20:05:00",""
"","122","11000","49999","23.37","2026-04-09 20:05:00",""
"","122","50000","99999","23.3","2026-04-09 20:05:00",""
"","122","100000","200000","23.17","2026-04-09 20:05:00",""
"","123","1000","10999","21.56","2026-04-09 20:05:00",""
"","123","11000","49999","20.24","2026-04-09 20:05:00",""
"","123","50000","99999","18.92","2026-04-09 20:05:00",""
"","123","100000","200000","17.48","2026-04-09 20:05:00",""
"","124","1000","10999","21.56","2026-04-09 20:05:00",""
"","124","11000","49999","20.24","2026-04-09 20:05:00",""
"","124","50000","99999","18.92","2026-04-09 20:05:00",""
"","124","100000","200000","17.48","2026-04-09 20:05:00",""
"","125","1000","10999","21.56","2026-04-09 20:05:00",""
"","125","11000","49999","20.24","2026-04-09 20:05:00",""
"","125","50000","99999","18.92","2026-04-09 20:05:00",""
"","125","100000","200000","17.48","2026-04-09 20:05:00",""
"","126","1000","10999","23.59","2026-04-09 20:05:00",""
"","126","11000","49999","22.88","2026-04-09 20:05:00",""
"","126","50000","99999","22.16","2026-04-09 20:05:00",""
"","126","100000","200000","20.73","2026-04-09 20:05:00",""
"","127","1000","10999","22.29","2026-04-09 20:05:00",""
"","127","11000","49999","21.6","2026-04-09 20:05:00",""
"","127","50000","99999","20.91","2026-04-09 20:05:00",""
"","127","100000","200000","19.54","2026-04-09 20:05:00",""
"","128","1000","10999","23.98","2026-04-09 20:05:00",""
"","128","11000","49999","23.3","2026-04-09 20:05:00",""
"","128","50000","99999","22.61","2026-04-09 20:05:00",""
"","128","100000","200000","21.23","2026-04-09 20:05:00",""
"","129","1000","10999","22.55","2026-04-09 20:05:00",""
"","129","11000","49999","21.85","2026-04-09 20:05:00",""
"","129","50000","99999","21.15","2026-04-09 20:05:00",""
"","129","100000","200000","19.74","2026-04-09 20:05:00",""
"","130","1000","10999","21.63","2026-04-09 20:05:00",""
"","130","11000","49999","20.98","2026-04-09 20:05:00",""
"","130","50000","99999","20.33","2026-04-09 20:05:00",""
"","130","100000","200000","18.72","2026-04-09 20:05:00",""
"","130","50000","99999","18.3","2026-04-09 20:05:00",""
"","130","100000","200000","16.86","2026-04-09 20:05:00",""
"","131","1000","10999","18.71","2026-04-09 20:05:00",""
"","131","11000","49999","18.01","2026-04-09 20:05:00",""
"","131","50000","99999","17.31","2026-04-09 20:05:00",""
"","131","100000","200000","16.59","2026-04-09 20:05:00",""
"","132","1000","10999","18.71","2026-04-09 20:05:00",""
"","132","11000","49999","18.01","2026-04-09 20:05:00",""
"","132","50000","99999","17.31","2026-04-09 20:05:00",""
"","132","100000","200000","16.59","2026-04-09 20:05:00",""
"","133","1000","10999","18.71","2026-04-09 20:05:00",""
"","133","11000","49999","18.01","2026-04-09 20:05:00",""
"","133","50000","99999","17.31","2026-04-09 20:05:00",""
"","133","100000","200000","16.59","2026-04-09 20:05:00",""
"","134","1000","10999","18.71","2026-04-09 20:05:00",""
"","134","11000","49999","18.01","2026-04-09 20:05:00",""
"","134","50000","99999","17.31","2026-04-09 20:05:00",""
"","134","100000","200000","16.59","2026-04-09 20:05:00",""
"","135","1000","10999","18.72","2026-04-09 20:05:00",""
"","135","11000","49999","17.99","2026-04-09 20:05:00",""
"","135","50000","99999","17.26","2026-04-09 20:05:00",""
"","135","100000","200000","16.49","2026-04-09 20:05:00",""
"","135","50000","99999","15.54","2026-04-09 20:05:00",""
"","135","100000","200000","14.84","2026-04-09 20:05:00",""
"","136","1000","10999","20.1","2026-04-09 20:05:00",""
"","136","11000","49999","19.4","2026-04-09 20:05:00",""
"","136","50000","99999","18.7","2026-04-09 20:05:00",""
"","136","100000","200000","17.98","2026-04-09 20:05:00",""
"","137","1000","10999","20.1","2026-04-09 20:05:00",""
"","137","11000","49999","19.4","2026-04-09 20:05:00",""
"","137","50000","99999","18.7","2026-04-09 20:05:00",""
"","137","100000","200000","17.98","2026-04-09 20:05:00",""
"","138","1000","10999","18.75","2026-04-09 20:05:00",""
"","138","11000","49999","18.07","2026-04-09 20:05:00",""
"","138","50000","99999","17.38","2026-04-09 20:05:00",""
"","138","100000","200000","16.69","2026-04-09 20:05:00",""
"","139","1000","10999","18.74","2026-04-09 20:05:00",""
"","139","11000","49999","18.04","2026-04-09 20:05:00",""
"","139","50000","99999","17.34","2026-04-09 20:05:00",""
"","139","100000","200000","16.62","2026-04-09 20:05:00",""
"","140","1000","10999","18.75","2026-04-09 20:05:00",""
"","140","11000","49999","18.07","2026-04-09 20:05:00",""
"","140","50000","99999","17.38","2026-04-09 20:05:00",""
"","140","100000","200000","16.69","2026-04-09 20:05:00",""
"","141","1000","10999","18.75","2026-04-09 20:05:00",""
"","141","11000","49999","18.07","2026-04-09 20:05:00",""
"","141","50000","99999","17.38","2026-04-09 20:05:00",""
"","141","100000","200000","16.69","2026-04-09 20:05:00",""
"","142","1000","10999","18.75","2026-04-09 20:05:00",""
"","142","11000","49999","18.07","2026-04-09 20:05:00",""
"","142","50000","99999","17.38","2026-04-09 20:05:00",""
"","142","100000","200000","16.69","2026-04-09 20:05:00",""
"","143","1000","10999","18.75","2026-04-09 20:05:00",""
"","143","11000","49999","18.07","2026-04-09 20:05:00",""
"","143","50000","99999","17.38","2026-04-09 20:05:00",""
"","143","100000","200000","16.69","2026-04-09 20:05:00",""
"","144","1000","10999","18.75","2026-04-09 20:05:00",""
"","144","11000","49999","18.07","2026-04-09 20:05:00",""
"","144","50000","99999","17.38","2026-04-09 20:05:00",""
"","144","100000","200000","16.69","2026-04-09 20:05:00",""
"","145","1000","10999","23.44","2026-04-09 20:05:00",""
"","145","11000","49999","23.37","2026-04-09 20:05:00",""
"","145","50000","99999","16.84","2026-04-09 20:05:00",""
"","145","50000","99999","23.3","2026-04-09 20:05:00",""
"","145","100000","200000","14.5","2026-04-09 20:05:00",""
"","145","100000","200000","23.17","2026-04-09 20:05:00",""
"","146","1000","10999","19.07","2026-04-09 20:05:00",""
"","146","11000","49999","18.31","2026-04-09 20:05:00",""
"","146","50000","99999","17.55","2026-04-09 20:05:00",""
"","146","100000","200000","16.73","2026-04-09 20:05:00",""
"","147","1000","10999","19.07","2026-04-09 20:05:00",""
"","147","11000","49999","18.31","2026-04-09 20:05:00",""
"","147","50000","99999","17.55","2026-04-09 20:05:00",""
"","147","100000","200000","16.73","2026-04-09 20:05:00",""
"","148","1000","10999","19.07","2026-04-09 20:05:00",""
"","148","11000","49999","18.31","2026-04-09 20:05:00",""
"","148","50000","99999","17.55","2026-04-09 20:05:00",""
"","148","100000","200000","16.73","2026-04-09 20:05:00",""
"","149","1000","10999","19.07","2026-04-09 20:05:00",""
"","149","11000","49999","18.31","2026-04-09 20:05:00",""
"","149","50000","99999","17.55","2026-04-09 20:05:00",""
"","149","100000","200000","16.73","2026-04-09 20:05:00",""
"","150","1000","10999","19.07","2026-04-09 20:05:00",""
"","150","11000","49999","18.31","2026-04-09 20:05:00",""
"","150","50000","99999","17.55","2026-04-09 20:05:00",""
"","150","100000","200000","16.73","2026-04-09 20:05:00",""
"","151","1000","10999","19.07","2026-04-09 20:05:00",""
"","151","11000","49999","18.31","2026-04-09 20:05:00",""
"","151","50000","99999","17.55","2026-04-09 20:05:00",""
"","151","100000","200000","16.73","2026-04-09 20:05:00",""
"","152","1000","10999","19.07","2026-04-09 20:05:00",""
"","152","11000","49999","18.31","2026-04-09 20:05:00",""
"","152","50000","99999","17.55","2026-04-09 20:05:00",""
"","152","100000","200000","16.73","2026-04-09 20:05:00",""
"","153","1000","10999","19.07","2026-04-09 20:05:00",""
"","153","11000","49999","18.31","2026-04-09 20:05:00",""
"","153","50000","99999","17.55","2026-04-09 20:05:00",""
"","153","100000","200000","16.73","2026-04-09 20:05:00",""
"","154","1000","10999","19.07","2026-04-09 20:05:00",""
"","154","11000","49999","18.31","2026-04-09 20:05:00",""
"","154","50000","99999","17.55","2026-04-09 20:05:00",""
"","154","100000","200000","16.73","2026-04-09 20:05:00",""
"","155","1000","10999","19.07","2026-04-09 20:05:00",""
"","155","11000","49999","18.31","2026-04-09 20:05:00",""
"","155","50000","99999","17.55","2026-04-09 20:05:00",""
"","155","100000","200000","16.73","2026-04-09 20:05:00",""
"","156","1000","10999","19.07","2026-04-09 20:05:00",""
"","156","11000","49999","18.31","2026-04-09 20:05:00",""
"","156","50000","99999","17.55","2026-04-09 20:05:00",""
"","156","100000","200000","16.73","2026-04-09 20:05:00",""
"","157","1000","10999","25.7","2026-04-09 20:05:00",""
"","157","11000","49999","24.92","2026-04-09 20:05:00",""
"","157","50000","99999","24.13","2026-04-09 20:05:00",""
"","157","100000","200000","22.56","2026-04-09 20:05:00",""
"","158","1000","10999","22.31","2026-04-09 20:05:00",""
"","158","11000","49999","21.61","2026-04-09 20:05:00",""
"","158","50000","99999","20.91","2026-04-09 20:05:00",""
"","158","100000","200000","19.5","2026-04-09 20:05:00",""
"","159","1000","10999","22.29","2026-04-09 20:05:00",""
"","159","11000","49999","21.6","2026-04-09 20:05:00",""
"","159","50000","99999","20.91","2026-04-09 20:05:00",""
"","159","100000","200000","19.54","2026-04-09 20:05:00",""
"","160","1000","10999","15","2026-04-09 20:05:00",""
"","160","11000","49999","13.85","2026-04-09 20:05:00",""
"","160","50000","99999","12.69","2026-04-09 20:05:00",""
"","160","100000","200000","11.23","2026-04-09 20:05:00",""
"","160","2000","10999","11.95","2026-04-09 20:05:00",""
"","160","11000","200000","11.85","2026-04-09 20:05:00",""
"","161","1000","10999","16.74","2026-04-09 20:05:00",""
"","161","11000","49999","16.05","2026-04-09 20:05:00",""
"","161","50000","99999","15.36","2026-04-09 20:05:00",""
"","161","100000","200000","13.99","2026-04-09 20:05:00",""
"","162","1000","10999","16.19","2026-04-09 20:05:00",""
"","162","11000","49999","15.84","2026-04-09 20:05:00",""
"","162","50000","99999","15.5","2026-04-09 20:05:00",""
"","162","100000","200000","14.81","2026-04-09 20:05:00",""
"","163","1000","10999","13.44","2026-04-09 20:05:00",""
"","163","11000","49999","12.33","2026-04-09 20:05:00",""
"","163","50000","99999","11.23","2026-04-09 20:05:00",""
"","163","100000","200000","9.86","2026-04-09 20:05:00",""
"","164","1000","10999","14.61","2026-04-09 20:05:00",""
"","164","11000","49999","13.92","2026-04-09 20:05:00",""
"","164","50000","99999","13.24","2026-04-09 20:05:00",""
"","164","100000","200000","12.24","2026-04-09 20:05:00",""
"","164","50000","200000","8.53","2026-04-09 20:05:00",""
"","165","1000","10999","16.74","2026-04-09 20:05:00",""
"","165","11000","49999","16.46","2026-04-09 20:05:00",""
"","165","50000","99999","16.19","2026-04-09 20:05:00",""
"","165","100000","200000","15.36","2026-04-09 20:05:00",""
"","166","1000","10999","16.74","2026-04-09 20:05:00",""
"","166","11000","49999","16.05","2026-04-09 20:05:00",""
"","166","50000","99999","15.36","2026-04-09 20:05:00",""
"","166","100000","200000","13.99","2026-04-09 20:05:00",""
"","167","1000","10999","13.44","2026-04-09 20:05:00",""
"","167","11000","49999","12.33","2026-04-09 20:05:00",""
"","167","50000","99999","11.23","2026-04-09 20:05:00",""
"","167","100000","200000","9.86","2026-04-09 20:05:00",""
"","168","1000","10999","9.86","2026-04-09 20:05:00",""
"","168","11000","49999","9.17","2026-04-09 20:05:00",""
"","168","50000","99999","8.48","2026-04-09 20:05:00",""
"","168","100000","200000","7.1","2026-04-09 20:05:00",""
"","169","1000","10999","17.56","2026-04-09 20:05:00",""
"","169","11000","49999","17.04","2026-04-09 20:05:00",""
"","169","50000","99999","16.52","2026-04-09 20:05:00",""
"","169","100000","200000","16.19","2026-04-09 20:05:00",""
"","170","1000","10999","14.66","2026-04-09 20:05:00",""
"","170","11000","49999","14.02","2026-04-09 20:05:00",""
"","170","50000","99999","13.37","2026-04-09 20:05:00",""
"","170","100000","200000","12.07","2026-04-09 20:05:00",""
"","170","50000","200000","8.85","2026-04-09 20:05:00",""
"","171","1000","10999","16.74","2026-04-09 20:05:00",""
"","171","11000","49999","16.05","2026-04-09 20:05:00",""
"","171","50000","99999","15.36","2026-04-09 20:05:00",""
"","171","100000","200000","13.99","2026-04-09 20:05:00",""
"","172","1000","10999","11.23","2026-04-09 20:05:00",""
"","172","11000","49999","10.54","2026-04-09 20:05:00",""
"","172","50000","99999","9.86","2026-04-09 20:05:00",""
"","172","100000","200000","9.72","2026-04-09 20:05:00",""
"","173","1000","10999","15.72","2026-04-09 20:05:00",""
"","173","11000","49999","14.62","2026-04-09 20:05:00",""
"","173","50000","99999","13.52","2026-04-09 20:05:00",""
"","173","100000","200000","12.15","2026-04-09 20:05:00",""
"","173","2000","10999","15.03","2026-04-09 20:05:00",""
"","173","11000","200000","14.64","2026-04-09 20:05:00",""
"","174","1000","10999","18.12","2026-04-09 20:05:00",""
"","174","11000","49999","17.43","2026-04-09 20:05:00",""
"","174","50000","99999","16.74","2026-04-09 20:05:00",""
"","174","100000","200000","15.36","2026-04-09 20:05:00",""
"","175","1000","10999","16.99","2026-04-09 20:05:00",""
"","175","11000","49999","16.27","2026-04-09 20:05:00",""
"","175","50000","99999","15.56","2026-04-09 20:05:00",""
"","175","100000","200000","14.12","2026-04-09 20:05:00",""
"","175","2000","10999","14.52","2026-04-09 20:05:00",""
"","175","11000","200000","14.61","2026-04-09 20:05:00",""
"","176","1000","10999","19.49","2026-04-09 20:05:00",""
"","176","11000","49999","19.22","2026-04-09 20:05:00",""
"","176","50000","99999","18.94","2026-04-09 20:05:00",""
"","176","100000","200000","18.12","2026-04-09 20:05:00",""
"","177","1000","10999","18.12","2026-04-09 20:05:00",""
"","177","11000","49999","17.84","2026-04-09 20:05:00",""
"","177","50000","99999","17.56","2026-04-09 20:05:00",""
"","177","100000","200000","16.74","2026-04-09 20:05:00",""
"","178","1000","10999","18.12","2026-04-09 20:05:00",""
"","178","11000","49999","17.43","2026-04-09 20:05:00",""
"","178","50000","99999","16.74","2026-04-09 20:05:00",""
"","178","100000","200000","15.36","2026-04-09 20:05:00",""
"","179","1000","10999","21.43","2026-04-09 20:05:00",""
"","179","11000","49999","20.75","2026-04-09 20:05:00",""
"","179","50000","99999","20.06","2026-04-09 20:05:00",""
"","179","100000","200000","18.68","2026-04-09 20:05:00",""
"","180","1000","10999","19.49","2026-04-09 20:05:00",""
"","180","11000","49999","18.8","2026-04-09 20:05:00",""
"","180","50000","99999","18.12","2026-04-09 20:05:00",""
"","180","100000","200000","16.74","2026-04-09 20:05:00",""
"","181","1000","10999","21.43","2026-04-09 20:05:00",""
"","181","11000","49999","20.75","2026-04-09 20:05:00",""
"","181","50000","99999","20.06","2026-04-09 20:05:00",""
"","181","100000","200000","18.68","2026-04-09 20:05:00",""
"","182","1000","10999","19.49","2026-04-09 20:05:00",""
"","182","11000","49999","18.8","2026-04-09 20:05:00",""
"","182","50000","99999","18.12","2026-04-09 20:05:00",""
"","182","100000","200000","16.74","2026-04-09 20:05:00",""
"","183","1000","10999","20.59","2026-04-09 20:05:00",""
"","183","11000","49999","20.25","2026-04-09 20:05:00",""
"","183","50000","99999","19.9","2026-04-09 20:05:00",""
"","183","100000","200000","19.22","2026-04-09 20:05:00",""
"","184","1000","10999","31.66","2026-04-09 20:05:00",""
"","184","11000","49999","30.97","2026-04-09 20:05:00",""
"","184","50000","99999","30.28","2026-04-09 20:05:00",""
"","184","100000","200000","28.91","2026-04-09 20:05:00",""
"","185","1000","10999","21.14","2026-04-09 20:05:00",""
"","185","11000","49999","20.87","2026-04-09 20:05:00",""
"","185","50000","99999","20.59","2026-04-09 20:05:00",""
"","185","100000","200000","19.9","2026-04-09 20:05:00",""
"","186","1000","10999","21.14","2026-04-09 20:05:00",""
"","186","11000","49999","20.87","2026-04-09 20:05:00",""
"","186","50000","99999","20.59","2026-04-09 20:05:00",""
"","186","100000","200000","19.9","2026-04-09 20:05:00",""
"","187","1000","10999","21.14","2026-04-09 20:05:00",""
"","187","11000","49999","21.14","2026-04-09 20:05:00",""
"","187","50000","99999","21.14","2026-04-09 20:05:00",""
"","187","100000","200000","21.14","2026-04-09 20:05:00",""
"","188","1000","10999","23.06","2026-04-09 20:05:00",""
"","188","11000","49999","23.06","2026-04-09 20:05:00",""
"","188","50000","99999","23.06","2026-04-09 20:05:00",""
"","188","100000","200000","23.06","2026-04-09 20:05:00",""
"","189","1000","10999","21.14","2026-04-09 20:05:00",""
"","189","11000","49999","21.14","2026-04-09 20:05:00",""
"","189","50000","99999","21.14","2026-04-09 20:05:00",""
"","189","100000","200000","21.14","2026-04-09 20:05:00",""
"","190","1000","10999","124.37","2026-04-09 20:05:00",""
"","190","11000","49999","123.68","2026-04-09 20:05:00",""
"","190","50000","99999","122.99","2026-04-09 20:05:00",""
"","190","100000","200000","121.62","2026-04-09 20:05:00",""
"","191","1000","10999","52.58","2026-04-09 20:05:00",""
"","191","11000","49999","51.21","2026-04-09 20:05:00",""
"","191","50000","99999","49.83","2026-04-09 20:05:00",""
"","191","100000","200000","47.08","2026-04-09 20:05:00",""
"","192","1000","10999","16.45","2026-04-09 20:05:00",""
"","192","11000","49999","15.76","2026-04-09 20:05:00",""
"","192","50000","99999","15.07","2026-04-09 20:05:00",""
"","192","100000","200000","14.38","2026-04-09 20:05:00",""
"","193","1000","10999","16.45","2026-04-09 20:05:00",""
"","193","11000","49999","15.76","2026-04-09 20:05:00",""
"","193","50000","99999","15.07","2026-04-09 20:05:00",""
"","193","100000","200000","14.38","2026-04-09 20:05:00",""
"","194","1000","10999","16.45","2026-04-09 20:05:00",""
"","194","11000","49999","15.76","2026-04-09 20:05:00",""
"","194","50000","99999","15.07","2026-04-09 20:05:00",""
"","194","100000","200000","14.38","2026-04-09 20:05:00",""
"","195","1000","10999","15.36","2026-04-09 20:05:00",""
"","195","11000","49999","14.67","2026-04-09 20:05:00",""
"","195","50000","99999","13.99","2026-04-09 20:05:00",""
"","195","100000","200000","12.61","2026-04-09 20:05:00",""
"","196","1000","10999","19.77","2026-04-09 20:05:00",""
"","196","11000","49999","19.08","2026-04-09 20:05:00",""
"","196","50000","99999","18.39","2026-04-09 20:05:00",""
"","196","100000","200000","17.01","2026-04-09 20:05:00",""
"","197","1000","10999","22.61","2026-04-09 20:05:00",""
"","197","11000","49999","21.92","2026-04-09 20:05:00",""
"","197","50000","99999","21.23","2026-04-09 20:05:00",""
"","197","100000","200000","19.85","2026-04-09 20:05:00",""
"","198","1000","10999","21.14","2026-04-09 20:05:00",""
"","198","11000","49999","20.87","2026-04-09 20:05:00",""
"","198","50000","99999","20.59","2026-04-09 20:05:00",""
"","198","100000","200000","19.9","2026-04-09 20:05:00",""
"","199","1000","10999","24.75","2026-04-09 20:05:00",""
"","199","11000","49999","24.06","2026-04-09 20:05:00",""
"","199","50000","99999","23.38","2026-04-09 20:05:00",""
"","199","100000","200000","22","2026-04-09 20:05:00",""
"","200","1000","10999","23.06","2026-04-09 20:05:00",""
"","200","11000","49999","23.06","2026-04-09 20:05:00",""
"","200","50000","99999","23.06","2026-04-09 20:05:00",""
"","200","100000","200000","23.06","2026-04-09 20:05:00",""
"","201","1000","10999","21.14","2026-04-09 20:05:00",""
"","201","11000","49999","21.14","2026-04-09 20:05:00",""
"","201","50000","99999","21.14","2026-04-09 20:05:00",""
"","201","100000","200000","21.14","2026-04-09 20:05:00",""
"","202","1000","10999","21.14","2026-04-09 20:05:00",""
"","202","11000","49999","21.14","2026-04-09 20:05:00",""
"","202","50000","99999","21.14","2026-04-09 20:05:00",""
"","202","100000","200000","21.14","2026-04-09 20:05:00",""
"","203","1000","10999","21.14","2026-04-09 20:05:00",""
"","203","11000","49999","21.14","2026-04-09 20:05:00",""
"","203","50000","99999","21.14","2026-04-09 20:05:00",""
"","203","100000","200000","21.14","2026-04-09 20:05:00",""
"","204","1000","10999","64.26","2026-04-09 20:05:00",""
"","204","11000","49999","63.57","2026-04-09 20:05:00",""
"","204","50000","99999","62.89","2026-04-09 20:05:00",""
"","204","100000","200000","61.51","2026-04-09 20:05:00",""
"","205","1000","10999","21.14","2026-04-09 20:05:00",""
"","205","11000","49999","20.87","2026-04-09 20:05:00",""
"","205","50000","99999","20.59","2026-04-09 20:05:00",""
"","205","100000","200000","19.77","2026-04-09 20:05:00",""
"","206","1000","10999","21.14","2026-04-09 20:05:00",""
"","206","11000","49999","20.73","2026-04-09 20:05:00",""
"","206","50000","99999","20.32","2026-04-09 20:05:00",""
"","206","100000","200000","19.77","2026-04-09 20:05:00",""
"","207","1000","10999","26.74","2026-04-09 20:05:00",""
"","207","11000","49999","25.98","2026-04-09 20:05:00",""
"","207","50000","99999","25.22","2026-04-09 20:05:00",""
"","207","100000","200000","23.71","2026-04-09 20:05:00",""
"","208","1000","10999","25.86","2026-04-09 20:05:00",""
"","208","11000","49999","25.1","2026-04-09 20:05:00",""
"","208","50000","99999","24.34","2026-04-09 20:05:00",""
"","208","100000","200000","22.83","2026-04-09 20:05:00",""
"","209","1000","10999","24.03","2026-04-09 20:05:00",""
"","209","11000","49999","23.28","2026-04-09 20:05:00",""
"","209","50000","99999","22.52","2026-04-09 20:05:00",""
"","209","100000","200000","21.01","2026-04-09 20:05:00",""
"","210","1000","10999","55.21","2026-04-09 20:05:00",""
"","210","11000","49999","53.84","2026-04-09 20:05:00",""
"","210","50000","99999","52.46","2026-04-09 20:05:00",""
"","210","100000","200000","49.71","2026-04-09 20:05:00",""
"","211","1000","10999","24.48","2026-04-09 20:05:00",""
"","211","11000","49999","23.78","2026-04-09 20:05:00",""
"","211","50000","99999","23.07","2026-04-09 20:05:00",""
"","211","100000","200000","21.67","2026-04-09 20:05:00",""
"","212","1000","10999","16.19","2026-04-09 20:05:00",""
"","212","11000","49999","15.5","2026-04-09 20:05:00",""
"","212","50000","99999","14.81","2026-04-09 20:05:00",""
"","212","100000","200000","13.44","2026-04-09 20:05:00",""
"","213","1000","10999","52.58","2026-04-09 20:05:00",""
"","213","11000","49999","51.21","2026-04-09 20:05:00",""
"","213","50000","99999","49.83","2026-04-09 20:05:00",""
"","213","100000","200000","47.08","2026-04-09 20:05:00",""
"","214","1000","10999","11.23","2026-04-09 20:05:00",""
"","214","11000","49999","10.54","2026-04-09 20:05:00",""
"","214","50000","99999","9.86","2026-04-09 20:05:00",""
"","214","100000","200000","9.72","2026-04-09 20:05:00",""
"","215","1000","10999","16.74","2026-04-09 20:05:00",""
"","215","11000","49999","16.46","2026-04-09 20:05:00",""
"","215","50000","99999","16.19","2026-04-09 20:05:00",""
"","215","100000","200000","15.36","2026-04-09 20:05:00",""
"","216","1000","10999","17.43","2026-04-09 20:05:00",""
"","216","11000","49999","17.08","2026-04-09 20:05:00",""
"","216","50000","99999","16.74","2026-04-09 20:05:00",""
"","216","100000","200000","16.05","2026-04-09 20:05:00",""
"","217","1000","10999","17.84","2026-04-09 20:05:00",""
"","217","11000","49999","17.43","2026-04-09 20:05:00",""
"","217","50000","99999","17.01","2026-04-09 20:05:00",""
"","217","100000","200000","15.64","2026-04-09 20:05:00",""
"","217","2000","10999","16.66","2026-04-09 20:05:00",""
"","217","11000","200000","16.59","2026-04-09 20:05:00",""
"","218","1000","10999","53.96","2026-04-09 20:05:00",""
"","218","11000","49999","53.27","2026-04-09 20:05:00",""
"","218","50000","99999","52.58","2026-04-09 20:05:00",""
"","218","100000","200000","51.21","2026-04-09 20:05:00",""
"","219","1000","10999","25.56","2026-04-09 20:05:00",""
"","219","11000","49999","24.87","2026-04-09 20:05:00",""
"","219","50000","99999","24.19","2026-04-09 20:05:00",""
"","219","100000","200000","22.81","2026-04-09 20:05:00",""
"","220","1000","10999","21.24","2026-04-09 20:05:00",""
"","220","11000","49999","20.55","2026-04-09 20:05:00",""
"","220","50000","99999","19.87","2026-04-09 20:05:00",""
"","220","100000","200000","18.49","2026-04-09 20:05:00",""
"","221","1000","10999","19.77","2026-04-09 20:05:00",""
"","221","11000","49999","19.08","2026-04-09 20:05:00",""
"","221","50000","99999","18.39","2026-04-09 20:05:00",""
"","221","100000","200000","17.01","2026-04-09 20:05:00",""
"","222","1000","10999","52.58","2026-04-09 20:05:00",""
"","222","11000","49999","51.21","2026-04-09 20:05:00",""
"","222","50000","99999","49.83","2026-04-09 20:05:00",""
"","222","100000","200000","47.08","2026-04-09 20:05:00",""
"","223","1000","10999","27.27","2026-04-09 20:05:00",""
"","223","11000","49999","26.58","2026-04-09 20:05:00",""
"","223","50000","99999","25.9","2026-04-09 20:05:00",""
"","223","100000","200000","24.52","2026-04-09 20:05:00",""
"","224","1000","10999","16.19","2026-04-09 20:05:00",""
"","224","11000","49999","15.5","2026-04-09 20:05:00",""
"","224","50000","99999","14.81","2026-04-09 20:05:00",""
"","224","100000","200000","13.44","2026-04-09 20:05:00",""
"","225","1000","10999","21.14","2026-04-09 20:05:00",""
"","225","11000","49999","20.46","2026-04-09 20:05:00",""
"","225","50000","99999","19.77","2026-04-09 20:05:00",""
"","225","100000","200000","18.39","2026-04-09 20:05:00",""
"","226","1000","10999","22.25","2026-04-09 20:05:00",""
"","226","11000","49999","21.9","2026-04-09 20:05:00",""
"","226","50000","99999","21.56","2026-04-09 20:05:00",""
"","226","100000","200000","20.87","2026-04-09 20:05:00",""
"","227","1000","10999","21.42","2026-04-09 20:05:00",""
"","227","11000","49999","20.73","2026-04-09 20:05:00",""
"","227","50000","99999","20.04","2026-04-09 20:05:00",""
"","227","100000","200000","18.67","2026-04-09 20:05:00",""
"","228","1000","10999","52.58","2026-04-09 20:05:00",""
"","228","11000","49999","51.21","2026-04-09 20:05:00",""
"","228","50000","99999","49.83","2026-04-09 20:05:00",""
"","228","100000","200000","47.08","2026-04-09 20:05:00",""
"","229","1000","10999","24.09","2026-04-09 20:05:00",""
"","229","11000","49999","23.4","2026-04-09 20:05:00",""
"","229","50000","99999","22.71","2026-04-09 20:05:00",""
"","229","100000","200000","21.34","2026-04-09 20:05:00",""
"","230","1000","10999","24.7","2026-04-09 20:05:00",""
"","230","11000","49999","23.98","2026-04-09 20:05:00",""
"","230","50000","99999","23.26","2026-04-09 20:05:00",""
"","230","100000","200000","21.83","2026-04-09 20:05:00",""
"","231","1000","10999","20.23","2026-04-09 20:05:00",""
"","231","11000","49999","19.54","2026-04-09 20:05:00",""
"","231","50000","99999","18.85","2026-04-09 20:05:00",""
"","231","100000","200000","17.47","2026-04-09 20:05:00",""
"","232","1000","10999","20.23","2026-04-09 20:05:00",""
"","232","11000","49999","19.54","2026-04-09 20:05:00",""
"","232","50000","99999","18.85","2026-04-09 20:05:00",""
"","232","100000","200000","17.47","2026-04-09 20:05:00",""
"","233","1000","10999","20.23","2026-04-09 20:05:00",""
"","233","11000","49999","19.54","2026-04-09 20:05:00",""
"","233","50000","99999","18.85","2026-04-09 20:05:00",""
"","233","100000","200000","17.47","2026-04-09 20:05:00",""
"","234","1000","10999","20.23","2026-04-09 20:05:00",""
"","234","11000","49999","19.54","2026-04-09 20:05:00",""
"","234","50000","99999","18.85","2026-04-09 20:05:00",""
"","234","100000","200000","17.47","2026-04-09 20:05:00",""
"","235","1000","10999","20.23","2026-04-09 20:05:00",""
"","235","11000","49999","19.54","2026-04-09 20:05:00",""
"","235","50000","99999","18.85","2026-04-09 20:05:00",""
"","235","100000","200000","17.47","2026-04-09 20:05:00",""
"","236","1000","10999","20.23","2026-04-09 20:05:00",""
"","236","11000","49999","19.54","2026-04-09 20:05:00",""
"","236","50000","99999","18.85","2026-04-09 20:05:00",""
"","236","100000","200000","17.47","2026-04-09 20:05:00",""
"","237","1000","10999","20.23","2026-04-09 20:05:00",""
"","237","11000","49999","19.54","2026-04-09 20:05:00",""
"","237","50000","99999","18.85","2026-04-09 20:05:00",""
"","237","100000","200000","17.47","2026-04-09 20:05:00",""
"","238","1000","10999","20.23","2026-04-09 20:05:00",""
"","238","11000","49999","19.54","2026-04-09 20:05:00",""
"","238","50000","99999","18.85","2026-04-09 20:05:00",""
"","238","100000","200000","17.47","2026-04-09 20:05:00",""
"","239","1000","10999","19.13","2026-04-09 20:05:00",""
"","239","11000","49999","18.41","2026-04-09 20:05:00",""
"","239","50000","99999","17.68","2026-04-09 20:05:00",""
"","239","100000","200000","16.24","2026-04-09 20:05:00",""
"","240","1000","10999","19.13","2026-04-09 20:05:00",""
"","240","11000","49999","18.38","2026-04-09 20:05:00",""
"","240","50000","99999","17.62","2026-04-09 20:05:00",""
"","240","100000","200000","16.11","2026-04-09 20:05:00",""
"","241","1000","10999","19.13","2026-04-09 20:05:00",""
"","241","11000","49999","18.38","2026-04-09 20:05:00",""
"","241","50000","99999","17.62","2026-04-09 20:05:00",""
"","241","100000","200000","16.11","2026-04-09 20:05:00",""
"","242","1000","10999","19.13","2026-04-09 20:05:00",""
"","242","11000","49999","18.38","2026-04-09 20:05:00",""
"","242","50000","99999","17.62","2026-04-09 20:05:00",""
"","242","100000","200000","16.11","2026-04-09 20:05:00",""
"","243","1000","10999","19.13","2026-04-09 20:05:00",""
"","243","11000","49999","18.38","2026-04-09 20:05:00",""
"","243","50000","99999","17.62","2026-04-09 20:05:00",""
"","243","100000","200000","16.11","2026-04-09 20:05:00",""
"","244","1000","10999","19.13","2026-04-09 20:05:00",""
"","244","11000","49999","18.38","2026-04-09 20:05:00",""
"","244","50000","99999","17.62","2026-04-09 20:05:00",""
"","244","100000","200000","16.11","2026-04-09 20:05:00",""
"","245","1000","10999","24.99","2026-04-09 20:05:00",""
"","245","11000","49999","24.3","2026-04-09 20:05:00",""
"","245","50000","99999","23.61","2026-04-09 20:05:00",""
"","245","100000","200000","22.23","2026-04-09 20:05:00",""
"","246","1000","10999","25.05","2026-04-09 20:05:00",""
"","246","11000","49999","24.36","2026-04-09 20:05:00",""
"","246","50000","99999","23.67","2026-04-09 20:05:00",""
"","246","100000","200000","22.29","2026-04-09 20:05:00",""
"","247","1000","10999","26.02","2026-04-09 20:05:00",""
"","247","11000","49999","25.26","2026-04-09 20:05:00",""
"","247","50000","99999","24.5","2026-04-09 20:05:00",""
"","247","100000","200000","22.99","2026-04-09 20:05:00",""
"","248","1000","10999","26.61","2026-04-09 20:05:00",""
"","248","11000","49999","25.92","2026-04-09 20:05:00",""
"","248","50000","99999","25.23","2026-04-09 20:05:00",""
"","248","100000","200000","23.86","2026-04-09 20:05:00",""
"","249","1000","10999","26.93","2026-04-09 20:05:00",""
"","249","11000","49999","26.24","2026-04-09 20:05:00",""
"","249","50000","99999","25.55","2026-04-09 20:05:00",""
"","249","100000","200000","24.18","2026-04-09 20:05:00",""
"","250","1000","10999","27.74","2026-04-09 20:05:00",""
"","250","11000","49999","27.05","2026-04-09 20:05:00",""
"","250","50000","99999","26.36","2026-04-09 20:05:00",""
"","250","100000","200000","24.99","2026-04-09 20:05:00",""
"","251","1000","10999","27.8","2026-04-09 20:05:00",""
"","251","11000","49999","27.11","2026-04-09 20:05:00",""
"","251","50000","99999","26.42","2026-04-09 20:05:00",""
"","251","100000","200000","25.05","2026-04-09 20:05:00",""
"","252","1000","10999","28.77","2026-04-09 20:05:00",""
"","252","11000","49999","28.01","2026-04-09 20:05:00",""
"","252","50000","99999","27.26","2026-04-09 20:05:00",""
"","252","100000","200000","25.74","2026-04-09 20:05:00",""
"","253","1000","10999","26.84","2026-04-09 20:05:00",""
"","253","11000","49999","26.15","2026-04-09 20:05:00",""
"","253","50000","99999","25.47","2026-04-09 20:05:00",""
"","253","100000","200000","24.09","2026-04-09 20:05:00",""
"","254","1000","10999","29.68","2026-04-09 20:05:00",""
"","254","11000","49999","28.99","2026-04-09 20:05:00",""
"","254","50000","99999","28.31","2026-04-09 20:05:00",""
"","254","100000","200000","26.93","2026-04-09 20:05:00",""
"","255","1000","10999","30.15","2026-04-09 20:05:00",""
"","255","11000","49999","30.08","2026-04-09 20:05:00",""
"","255","50000","99999","30.01","2026-04-09 20:05:00",""
"","255","100000","200000","29.87","2026-04-09 20:05:00",""
"","256","1000","10999","30.74","2026-04-09 20:05:00",""
"","256","11000","49999","30.05","2026-04-09 20:05:00",""
"","256","50000","99999","29.36","2026-04-09 20:05:00",""
"","256","100000","200000","27.99","2026-04-09 20:05:00",""
"","257","1000","10999","31.06","2026-04-09 20:05:00",""
"","257","11000","49999","30.37","2026-04-09 20:05:00",""
"","257","50000","99999","29.68","2026-04-09 20:05:00",""
"","257","100000","200000","28.31","2026-04-09 20:05:00",""
"","258","1000","10999","29.12","2026-04-09 20:05:00",""
"","258","11000","49999","28.43","2026-04-09 20:05:00",""
"","258","50000","99999","27.74","2026-04-09 20:05:00",""
"","258","100000","200000","26.36","2026-04-09 20:05:00",""
"","259","1000","10999","29.23","2026-04-09 20:05:00",""
"","259","11000","49999","28.49","2026-04-09 20:05:00",""
"","259","50000","99999","27.74","2026-04-09 20:05:00",""
"","259","100000","200000","26.31","2026-04-09 20:05:00",""
"","260","1000","10999","33.73","2026-04-09 20:05:00",""
"","260","11000","49999","33.04","2026-04-09 20:05:00",""
"","260","50000","99999","32.35","2026-04-09 20:05:00",""
"","260","100000","200000","30.97","2026-04-09 20:05:00",""
"","261","1000","10999","33.73","2026-04-09 20:05:00",""
"","261","11000","49999","33.04","2026-04-09 20:05:00",""
"","261","50000","99999","32.35","2026-04-09 20:05:00",""
"","261","100000","200000","30.97","2026-04-09 20:05:00",""
"","262","1000","10999","33.73","2026-04-09 20:05:00",""
"","262","11000","49999","33.04","2026-04-09 20:05:00",""
"","262","50000","99999","32.35","2026-04-09 20:05:00",""
"","262","100000","200000","30.97","2026-04-09 20:05:00",""
"","263","1000","10999","38.68","2026-04-09 20:05:00",""
"","263","11000","49999","37.99","2026-04-09 20:05:00",""
"","263","50000","99999","37.3","2026-04-09 20:05:00",""
"","263","100000","200000","35.93","2026-04-09 20:05:00",""
"","264","1000","10999","63.51","2026-04-09 20:05:00",""
"","264","11000","49999","62.83","2026-04-09 20:05:00",""
"","264","50000","99999","62.14","2026-04-09 20:05:00",""
"","264","100000","200000","60.76","2026-04-09 20:05:00",""
"","265","1000","10999","64.62","2026-04-09 20:05:00",""
"","265","11000","49999","63.93","2026-04-09 20:05:00",""
"","265","50000","99999","63.24","2026-04-09 20:05:00",""
"","265","100000","200000","61.86","2026-04-09 20:05:00",""
"","266","1000","10999","64.62","2026-04-09 20:05:00",""
"","266","11000","49999","63.93","2026-04-09 20:05:00",""
"","266","50000","99999","63.24","2026-04-09 20:05:00",""
"","266","100000","200000","61.86","2026-04-09 20:05:00",""
"","267","1000","10999","64.62","2026-04-09 20:05:00",""
"","267","11000","49999","63.93","2026-04-09 20:05:00",""
"","267","50000","99999","63.24","2026-04-09 20:05:00",""
"","267","100000","200000","61.86","2026-04-09 20:05:00",""
"","268","1000","10999","64.62","2026-04-09 20:05:00",""
"","268","11000","49999","63.93","2026-04-09 20:05:00",""
"","268","50000","99999","63.24","2026-04-09 20:05:00",""
"","268","100000","200000","61.86","2026-04-09 20:05:00",""
"","269","1000","10999","64.62","2026-04-09 20:05:00",""
"","269","11000","49999","63.93","2026-04-09 20:05:00",""
"","269","50000","99999","63.24","2026-04-09 20:05:00",""
"","269","100000","200000","61.86","2026-04-09 20:05:00",""
"","270","1000","10999","67.09","2026-04-09 20:05:00",""
"","270","11000","49999","66.27","2026-04-09 20:05:00",""
"","270","50000","99999","65.44","2026-04-09 20:05:00",""
"","270","100000","200000","64.06","2026-04-09 20:05:00",""
"","271","1000","10999","64.62","2026-04-09 20:05:00",""
"","271","11000","49999","63.93","2026-04-09 20:05:00",""
"","271","50000","99999","63.24","2026-04-09 20:05:00",""
"","271","100000","200000","61.86","2026-04-09 20:05:00",""
"","272","1000","10999","64.62","2026-04-09 20:05:00",""
"","272","11000","49999","63.93","2026-04-09 20:05:00",""
"","272","50000","99999","63.24","2026-04-09 20:05:00",""
"","272","100000","200000","61.86","2026-04-09 20:05:00",""
"","273","1000","10999","67.09","2026-04-09 20:05:00",""
"","273","11000","49999","66.4","2026-04-09 20:05:00",""
"","273","50000","99999","65.72","2026-04-09 20:05:00",""
"","273","100000","200000","64.34","2026-04-09 20:05:00",""
"","274","1000","10999","16.74","2026-04-09 20:05:00",""
"","274","11000","49999","16.05","2026-04-09 20:05:00",""
"","274","50000","99999","15.36","2026-04-09 20:05:00",""
"","274","100000","200000","13.99","2026-04-09 20:05:00",""
"","275","1000","10999","11.92","2026-04-09 20:05:00",""
"","275","11000","49999","11.3","2026-04-09 20:05:00",""
"","275","50000","99999","10.68","2026-04-09 20:05:00",""
"","275","100000","200000","9.99","2026-04-09 20:05:00",""
"","276","1000","10999","37.14","2026-04-09 20:05:00",""
"","276","11000","49999","36.45","2026-04-09 20:05:00",""
"","276","50000","99999","35.76","2026-04-09 20:05:00",""
"","276","100000","200000","34.39","2026-04-09 20:05:00",""
"","277","1000","10999","37.14","2026-04-09 20:05:00",""
"","277","11000","49999","36.45","2026-04-09 20:05:00",""
"","277","50000","99999","35.76","2026-04-09 20:05:00",""
"","277","100000","200000","34.39","2026-04-09 20:05:00",""
"","278","1000","10999","37.14","2026-04-09 20:05:00",""
"","278","11000","49999","36.45","2026-04-09 20:05:00",""
"","278","50000","99999","35.76","2026-04-09 20:05:00",""
"","278","100000","200000","34.39","2026-04-09 20:05:00",""
"","279","1000","10999","52.58","2026-04-09 20:05:00",""
"","279","11000","49999","51.21","2026-04-09 20:05:00",""
"","279","50000","99999","49.83","2026-04-09 20:05:00",""
"","279","100000","200000","47.08","2026-04-09 20:05:00",""
"","280","1000","10999","18.35","2026-04-09 20:05:00",""
"","280","11000","49999","18.35","2026-04-09 20:05:00",""
"","280","50000","99999","18.35","2026-04-09 20:05:00",""
"","280","100000","200000","18.35","2026-04-09 20:05:00",""
"","281","1000","10999","17.84","2026-04-09 20:05:00",""
"","281","11000","49999","17.79","2026-04-09 20:05:00",""
"","281","50000","99999","17.75","2026-04-09 20:05:00",""
"","281","100000","200000","17.67","2026-04-09 20:05:00",""
"","282","1000","10999","16.01","2026-04-09 20:05:00",""
"","282","11000","49999","16.01","2026-04-09 20:05:00",""
"","282","50000","99999","16.01","2026-04-09 20:05:00",""
"","282","100000","200000","15.74","2026-04-09 20:05:00",""
"","283","1000","10999","55.21","2026-04-09 20:05:00",""
"","283","11000","49999","53.84","2026-04-09 20:05:00",""
"","283","50000","99999","52.46","2026-04-09 20:05:00",""
"","283","100000","200000","49.71","2026-04-09 20:05:00",""
"","284","1000","10999","52.58","2026-04-09 20:05:00",""
"","284","11000","49999","51.9","2026-04-09 20:05:00",""
"","284","50000","99999","51.21","2026-04-09 20:05:00",""
"","284","100000","200000","49.83","2026-04-09 20:05:00",""
"","285","1000","10999","52.58","2026-04-09 20:05:00",""
"","285","11000","49999","51.9","2026-04-09 20:05:00",""
"","285","50000","99999","51.21","2026-04-09 20:05:00",""
"","285","100000","200000","49.83","2026-04-09 20:05:00",""
"","286","1000","10999","14.67","2026-04-09 20:05:00",""
"","286","11000","49999","14.05","2026-04-09 20:05:00",""
"","286","50000","99999","13.44","2026-04-09 20:05:00",""
"","286","100000","200000","12.61","2026-04-09 20:05:00",""
"","287","1000","10999","25.91","2026-04-09 20:05:00",""
"","287","11000","49999","25.22","2026-04-09 20:05:00",""
"","287","50000","99999","24.53","2026-04-09 20:05:00",""
"","287","100000","200000","23.16","2026-04-09 20:05:00",""
"","288","1000","10999","19.49","2026-04-09 20:05:00",""
"","288","11000","49999","18.8","2026-04-09 20:05:00",""
"","288","50000","99999","18.12","2026-04-09 20:05:00",""
"","288","100000","200000","16.74","2026-04-09 20:05:00",""
"","289","1000","10999","17.29","2026-04-09 20:05:00",""
"","289","11000","49999","16.6","2026-04-09 20:05:00",""
"","289","50000","99999","15.91","2026-04-09 20:05:00",""
"","289","100000","200000","14.54","2026-04-09 20:05:00",""
"","290","1000","10999","33.73","2026-04-09 20:05:00",""
"","290","11000","49999","33.04","2026-04-09 20:05:00",""
"","290","50000","99999","32.35","2026-04-09 20:05:00",""
"","290","100000","200000","30.97","2026-04-09 20:05:00",""
"","291","1000","10999","17.56","2026-04-09 20:05:00",""
"","291","11000","49999","16.88","2026-04-09 20:05:00",""
"","291","50000","99999","16.19","2026-04-09 20:05:00",""
"","291","100000","200000","14.81","2026-04-09 20:05:00",""
"","292","1000","10999","43.36","2026-04-09 20:05:00",""
"","292","11000","49999","42.67","2026-04-09 20:05:00",""
"","292","50000","99999","41.98","2026-04-09 20:05:00",""
"","292","100000","200000","40.61","2026-04-09 20:05:00",""
"","293","1000","10999","23.26","2026-04-09 20:05:00",""
"","293","11000","49999","22.58","2026-04-09 20:05:00",""
"","293","50000","99999","21.89","2026-04-09 20:05:00",""
"","293","100000","200000","20.51","2026-04-09 20:05:00",""
"","294","1000","10999","23.26","2026-04-09 20:05:00",""
"","294","11000","49999","22.58","2026-04-09 20:05:00",""
"","294","50000","99999","21.89","2026-04-09 20:05:00",""
"","294","100000","200000","20.51","2026-04-09 20:05:00",""
"","295","1000","10999","23.26","2026-04-09 20:05:00",""
"","295","11000","49999","22.58","2026-04-09 20:05:00",""
"","295","50000","99999","21.89","2026-04-09 20:05:00",""
"","295","100000","200000","20.51","2026-04-09 20:05:00",""
"","296","1000","10999","14.45","2026-04-09 20:05:00",""
"","296","11000","49999","13.77","2026-04-09 20:05:00",""
"","296","50000","99999","13.08","2026-04-09 20:05:00",""
"","296","100000","200000","11.7","2026-04-09 20:05:00",""
"","297","1000","10999","20.87","2026-04-09 20:05:00",""
"","297","11000","49999","20.76","2026-04-09 20:05:00",""
"","297","50000","99999","20.65","2026-04-09 20:05:00",""
"","297","100000","200000","20.51","2026-04-09 20:05:00",""
"","298","1000","10999","24.03","2026-04-09 20:05:00",""
"","298","11000","49999","23.28","2026-04-09 20:05:00",""
"","298","50000","99999","22.52","2026-04-09 20:05:00",""
"","298","100000","200000","21.01","2026-04-09 20:05:00",""
"","299","1000","10999","21.22","2026-04-09 20:05:00",""
"","299","11000","49999","20.53","2026-04-09 20:05:00",""
"","299","50000","99999","19.84","2026-04-09 20:05:00",""
"","299","100000","200000","18.46","2026-04-09 20:05:00",""
"","300","1000","10999","19.07","2026-04-09 20:05:00",""
"","300","11000","49999","19","2026-04-09 20:05:00",""
"","300","50000","99999","18.93","2026-04-09 20:05:00",""
"","300","100000","200000","16.73","2026-04-09 20:05:00",""
"","301","1000","10999","21.56","2026-04-09 20:05:00",""
"","301","11000","49999","20.8","2026-04-09 20:05:00",""
"","301","50000","99999","20.04","2026-04-09 20:05:00",""
"","301","100000","200000","18.53","2026-04-09 20:05:00",""
"","302","1000","10999","22.35","2026-04-09 20:05:00",""
"","302","11000","49999","21.63","2026-04-09 20:05:00",""
"","302","50000","99999","20.91","2026-04-09 20:05:00",""
"","302","100000","200000","19.48","2026-04-09 20:05:00",""
"","303","1000","10999","20.42","2026-04-09 20:05:00",""
"","303","11000","49999","19.66","2026-04-09 20:05:00",""
"","303","50000","99999","18.91","2026-04-09 20:05:00",""
"","303","100000","200000","18.16","2026-04-09 20:05:00",""
"","304","1000","10999","20.51","2026-04-09 20:05:00",""
"","304","11000","49999","19.75","2026-04-09 20:05:00",""
"","304","50000","99999","19","2026-04-09 20:05:00",""
"","304","100000","200000","12.2","2026-04-09 20:05:00",""
"","305","1000","10999","34.28","2026-04-09 20:05:00",""
"","305","11000","49999","33.59","2026-04-09 20:05:00",""
"","305","50000","99999","32.9","2026-04-09 20:05:00",""
"","305","100000","200000","31.52","2026-04-09 20:05:00",""
"","306","1000","10999","67.09","2026-04-09 20:05:00",""
"","306","11000","49999","66.4","2026-04-09 20:05:00",""
"","306","50000","99999","65.72","2026-04-09 20:05:00",""
"","306","100000","200000","64.34","2026-04-09 20:05:00",""
"","307","1000","10999","34.28","2026-04-09 20:05:00",""
"","307","11000","49999","33.59","2026-04-09 20:05:00",""
"","307","50000","99999","32.9","2026-04-09 20:05:00",""
"","307","100000","200000","31.52","2026-04-09 20:05:00",""
"","308","1000","10999","21.56","2026-04-09 20:05:00",""
"","308","11000","49999","20.8","2026-04-09 20:05:00",""
"","308","50000","99999","20.04","2026-04-09 20:05:00",""
"","308","100000","200000","18.53","2026-04-09 20:05:00",""
"","309","1000","10999","34.28","2026-04-09 20:05:00",""
"","309","11000","49999","33.59","2026-04-09 20:05:00",""
"","309","50000","99999","32.9","2026-04-09 20:05:00",""
"","309","100000","200000","31.52","2026-04-09 20:05:00",""
"","310","1000","10999","24.03","2026-04-09 20:05:00",""
"","310","11000","49999","23.28","2026-04-09 20:05:00",""
"","310","50000","99999","22.52","2026-04-09 20:05:00",""
"","310","100000","200000","21.01","2026-04-09 20:05:00",""
"","311","1000","10999","19.07","2026-04-09 20:05:00",""
"","311","11000","49999","18.31","2026-04-09 20:05:00",""
"","311","50000","99999","17.55","2026-04-09 20:05:00",""
"","311","100000","200000","16.73","2026-04-09 20:05:00",""
"","312","1000","10999","14.81","2026-04-09 20:05:00",""
"","312","11000","49999","14.12","2026-04-09 20:05:00",""
"","312","50000","99999","13.44","2026-04-09 20:05:00",""
"","312","100000","200000","12.06","2026-04-09 20:05:00",""
"","313","1000","10999","17.84","2026-04-09 20:05:00",""
"","313","11000","49999","17.09","2026-04-09 20:05:00",""
"","313","50000","99999","16.35","2026-04-09 20:05:00",""
"","313","100000","200000","14.88","2026-04-09 20:05:00",""
"","314","1000","10999","17.75","2026-04-09 20:05:00",""
"","314","11000","49999","17.06","2026-04-09 20:05:00",""
"","314","50000","99999","16.38","2026-04-09 20:05:00",""
"","314","100000","200000","15","2026-04-09 20:05:00",""
"","315","1000","10999","19.54","2026-04-09 20:05:00",""
"","315","11000","49999","18.85","2026-04-09 20:05:00",""
"","315","50000","99999","18.17","2026-04-09 20:05:00",""
"","315","100000","200000","16.79","2026-04-09 20:05:00",""
"","316","1000","10999","19.69","2026-04-09 20:05:00",""
"","316","11000","49999","19","2026-04-09 20:05:00",""
"","316","50000","99999","18.31","2026-04-09 20:05:00",""
"","316","100000","200000","16.93","2026-04-09 20:05:00",""
"","317","1000","10999","18.42","2026-04-09 20:05:00",""
"","317","11000","49999","17.73","2026-04-09 20:05:00",""
"","317","50000","99999","17.04","2026-04-09 20:05:00",""
"","317","100000","200000","15.67","2026-04-09 20:05:00",""
"","318","1000","10999","18.94","2026-04-09 20:05:00",""
"","318","11000","49999","18.25","2026-04-09 20:05:00",""
"","318","50000","99999","17.56","2026-04-09 20:05:00",""
"","318","100000","200000","16.19","2026-04-09 20:05:00",""
"","319","1000","10999","18.94","2026-04-09 20:05:00",""
"","319","11000","49999","18.25","2026-04-09 20:05:00",""
"","319","50000","99999","17.56","2026-04-09 20:05:00",""
"","319","100000","200000","16.19","2026-04-09 20:05:00",""
"","320","1000","10999","27.06","2026-04-09 20:05:00",""
"","320","11000","49999","26.37","2026-04-09 20:05:00",""
"","320","50000","99999","25.68","2026-04-09 20:05:00",""
"","320","100000","200000","24.3","2026-04-09 20:05:00",""
"","321","1000","10999","23.26","2026-04-09 20:05:00",""
"","321","11000","49999","22.58","2026-04-09 20:05:00",""
"","321","50000","99999","21.89","2026-04-09 20:05:00",""
"","321","100000","200000","20.51","2026-04-09 20:05:00",""
"","322","1000","10999","23.26","2026-04-09 20:05:00",""
"","322","11000","49999","22.58","2026-04-09 20:05:00",""
"","322","50000","99999","21.89","2026-04-09 20:05:00",""
"","322","100000","200000","20.51","2026-04-09 20:05:00",""
"","323","1000","10999","23.26","2026-04-09 20:05:00",""
"","323","11000","49999","22.58","2026-04-09 20:05:00",""
"","323","50000","99999","21.89","2026-04-09 20:05:00",""
"","323","100000","200000","20.51","2026-04-09 20:05:00",""
"","324","1000","10999","16.62","2026-04-09 20:05:00",""
"","324","11000","49999","15.92","2026-04-09 20:05:00",""
"","324","50000","99999","15.21","2026-04-09 20:05:00",""
"","324","100000","200000","13.81","2026-04-09 20:05:00",""
"","325","1000","10999","16.7","2026-04-09 20:05:00",""
"","325","11000","49999","15.97","2026-04-09 20:05:00",""
"","325","50000","99999","15.24","2026-04-09 20:05:00",""
"","325","100000","200000","13.78","2026-04-09 20:05:00",""
"","326","1000","10999","17","2026-04-09 20:05:00",""
"","326","11000","49999","16.24","2026-04-09 20:05:00",""
"","326","50000","99999","15.49","2026-04-09 20:05:00",""
"","326","100000","200000","13.97","2026-04-09 20:05:00",""
"","327","1000","10999","16.9","2026-04-09 20:05:00",""
"","327","11000","49999","16.18","2026-04-09 20:05:00",""
"","327","50000","99999","15.47","2026-04-09 20:05:00",""
"","327","100000","200000","14.03","2026-04-09 20:05:00",""
"","328","1000","10999","17.22","2026-04-09 20:05:00",""
"","328","11000","49999","16.54","2026-04-09 20:05:00",""
"","328","50000","99999","15.85","2026-04-09 20:05:00",""
"","328","100000","200000","14.47","2026-04-09 20:05:00",""
"","329","1000","10999","18.94","2026-04-09 20:05:00",""
"","329","11000","49999","18.25","2026-04-09 20:05:00",""
"","329","50000","99999","17.56","2026-04-09 20:05:00",""
"","329","100000","200000","16.19","2026-04-09 20:05:00",""
"","330","1000","10999","22.22","2026-04-09 20:05:00",""
"","330","11000","49999","21.91","2026-04-09 20:05:00",""
"","330","50000","99999","21.6","2026-04-09 20:05:00",""
"","330","100000","200000","20.74","2026-04-09 20:05:00",""
"","331","1000","10999","19.77","2026-04-09 20:05:00",""
"","331","11000","49999","19.08","2026-04-09 20:05:00",""
"","331","50000","99999","18.39","2026-04-09 20:05:00",""
"","331","100000","200000","17.01","2026-04-09 20:05:00",""
"","332","1000","10999","24.95","2026-04-09 20:05:00",""
"","332","11000","49999","24.24","2026-04-09 20:05:00",""
"","332","50000","99999","23.54","2026-04-09 20:05:00",""
"","332","100000","200000","22.14","2026-04-09 20:05:00",""
"","333","1000","10999","26.83","2026-04-09 20:05:00",""
"","333","11000","49999","26","2026-04-09 20:05:00",""
"","333","50000","99999","25.17","2026-04-09 20:05:00",""
"","333","100000","200000","23.51","2026-04-09 20:05:00",""
"","334","1000","10999","25.31","2026-04-09 20:05:00",""
"","334","11000","49999","24.6","2026-04-09 20:05:00",""
"","334","50000","99999","23.88","2026-04-09 20:05:00",""
"","334","100000","200000","22.45","2026-04-09 20:05:00",""
"","335","1000","10999","23.9","2026-04-09 20:05:00",""
"","335","11000","49999","23.21","2026-04-09 20:05:00",""
"","335","50000","99999","22.52","2026-04-09 20:05:00",""
"","335","100000","200000","21.14","2026-04-09 20:05:00",""
"","336","1000","10999","20.42","2026-04-09 20:05:00",""
"","336","11000","49999","19.66","2026-04-09 20:05:00",""
"","336","50000","99999","18.91","2026-04-09 20:05:00",""
"","336","100000","200000","18.15","2026-04-09 20:05:00",""
"","337","1000","10999","19.07","2026-04-09 20:05:00",""
"","337","11000","49999","19","2026-04-09 20:05:00",""
"","337","50000","99999","18.93","2026-04-09 20:05:00",""
"","337","100000","200000","16.73","2026-04-09 20:05:00",""
"","338","1000","10999","22.61","2026-04-09 20:05:00",""
"","338","11000","49999","21.92","2026-04-09 20:05:00",""
"","338","50000","99999","21.23","2026-04-09 20:05:00",""
"","338","100000","200000","19.85","2026-04-09 20:05:00",""
"","339","1000","10999","56.38","2026-04-09 20:05:00",""
"","339","11000","49999","55.7","2026-04-09 20:05:00",""
"","339","50000","99999","55.01","2026-04-09 20:05:00",""
"","339","100000","200000","53.63","2026-04-09 20:05:00",""
"","340","1000","10999","19.77","2026-04-09 20:05:00",""
"","340","11000","49999","19.08","2026-04-09 20:05:00",""
"","340","50000","99999","18.39","2026-04-09 20:05:00",""
"","340","100000","200000","17.01","2026-04-09 20:05:00",""
"","341","1000","10999","24.72","2026-04-09 20:05:00",""
"","341","11000","49999","24.03","2026-04-09 20:05:00",""
"","341","50000","99999","23.35","2026-04-09 20:05:00",""
"","341","100000","200000","21.97","2026-04-09 20:05:00",""
"","342","1000","10999","24.72","2026-04-09 20:05:00",""
"","342","11000","49999","24.03","2026-04-09 20:05:00",""
"","342","50000","99999","23.35","2026-04-09 20:05:00",""
"","342","100000","200000","21.97","2026-04-09 20:05:00",""
"","343","1000","10999","21.14","2026-04-09 20:05:00",""
"","343","11000","49999","20.87","2026-04-09 20:05:00",""
"","343","50000","99999","20.59","2026-04-09 20:05:00",""
"","343","100000","200000","19.77","2026-04-09 20:05:00",""
"","344","1000","10999","13.9","2026-04-09 20:05:00",""
"","344","11000","49999","13.21","2026-04-09 20:05:00",""
"","344","50000","99999","12.53","2026-04-09 20:05:00",""
"","344","100000","200000","11.15","2026-04-09 20:05:00",""
"","345","1000","10999","24.72","2026-04-09 20:05:00",""
"","345","11000","49999","24.03","2026-04-09 20:05:00",""
"","345","50000","99999","23.35","2026-04-09 20:05:00",""
"","345","100000","200000","21.97","2026-04-09 20:05:00",""
"","346","1000","10999","21.14","2026-04-09 20:05:00",""
"","346","11000","49999","20.46","2026-04-09 20:05:00",""
"","346","50000","99999","19.77","2026-04-09 20:05:00",""
"","346","100000","200000","18.39","2026-04-09 20:05:00",""
"","347","1000","10999","26.32","2026-04-09 20:05:00",""
"","347","11000","49999","25.62","2026-04-09 20:05:00",""
"","347","50000","99999","24.92","2026-04-09 20:05:00",""
"","347","100000","200000","23.51","2026-04-09 20:05:00",""
"","348","1000","10999","19.77","2026-04-09 20:05:00",""
"","348","11000","49999","19.08","2026-04-09 20:05:00",""
"","348","50000","99999","18.39","2026-04-09 20:05:00",""
"","348","100000","200000","17.01","2026-04-09 20:05:00",""
"","349","1000","10999","27.11","2026-04-09 20:05:00",""
"","349","11000","49999","26.56","2026-04-09 20:05:00",""
"","349","50000","99999","26.01","2026-04-09 20:05:00",""
"","349","100000","200000","23.95","2026-04-09 20:05:00",""
"","350","1000","10999","26.03","2026-04-09 20:05:00",""
"","350","11000","49999","25.24","2026-04-09 20:05:00",""
"","350","50000","99999","24.45","2026-04-09 20:05:00",""
"","350","100000","200000","22.11","2026-04-09 20:05:00",""
"","351","1000","10999","27.28","2026-04-09 20:05:00",""
"","351","11000","49999","26.55","2026-04-09 20:05:00",""
"","351","50000","99999","25.83","2026-04-09 20:05:00",""
"","351","100000","200000","24.39","2026-04-09 20:05:00",""
"","352","1000","10999","21.42","2026-04-09 20:05:00",""
"","352","11000","49999","20.73","2026-04-09 20:05:00",""
"","352","50000","99999","20.04","2026-04-09 20:05:00",""
"","352","100000","200000","18.67","2026-04-09 20:05:00",""
"","353","1000","10999","21.14","2026-04-09 20:05:00",""
"","353","11000","49999","20.46","2026-04-09 20:05:00",""
"","353","50000","99999","19.77","2026-04-09 20:05:00",""
"","353","100000","200000","18.39","2026-04-09 20:05:00",""
"","354","1000","10999","24.42","2026-04-09 20:05:00",""
"","354","11000","49999","23.66","2026-04-09 20:05:00",""
"","354","50000","99999","22.91","2026-04-09 20:05:00",""
"","354","100000","200000","21.39","2026-04-09 20:05:00",""
"","355","1000","10999","23.07","2026-04-09 20:05:00",""
"","355","11000","49999","22.38","2026-04-09 20:05:00",""
"","355","50000","99999","21.69","2026-04-09 20:05:00",""
"","355","100000","200000","20.32","2026-04-09 20:05:00",""
"","356","1000","10999","21.22","2026-04-09 20:05:00",""
"","356","11000","49999","20.53","2026-04-09 20:05:00",""
"","356","50000","99999","19.84","2026-04-09 20:05:00",""
"","356","100000","200000","18.46","2026-04-09 20:05:00",""
"","357","1000","10999","24.75","2026-04-09 20:05:00",""
"","357","11000","49999","24.05","2026-04-09 20:05:00",""
"","357","50000","99999","23.35","2026-04-09 20:05:00",""
"","357","100000","200000","21.95","2026-04-09 20:05:00",""
"","358","1000","10999","24.34","2026-04-09 20:05:00",""
"","358","11000","49999","24.33","2026-04-09 20:05:00",""
"","358","50000","99999","24.31","2026-04-09 20:05:00",""
"","358","100000","200000","21.95","2026-04-09 20:05:00",""
"","359","1000","10999","24.03","2026-04-09 20:05:00",""
"","359","11000","49999","23.28","2026-04-09 20:05:00",""
"","359","50000","99999","22.52","2026-04-09 20:05:00",""
"","359","100000","200000","21.01","2026-04-09 20:05:00",""
"","360","1000","10999","24.72","2026-04-09 20:05:00",""
"","360","11000","49999","24.03","2026-04-09 20:05:00",""
"","360","50000","99999","23.35","2026-04-09 20:05:00",""
"","360","100000","200000","21.97","2026-04-09 20:05:00",""
"","361","1000","10999","31.66","2026-04-09 20:05:00",""
"","361","11000","49999","30.97","2026-04-09 20:05:00",""
"","361","50000","99999","30.28","2026-04-09 20:05:00",""
"","361","100000","200000","28.91","2026-04-09 20:05:00",""
"","362","1000","10999","21.56","2026-04-09 20:05:00",""
"","362","11000","49999","20.8","2026-04-09 20:05:00",""
"","362","50000","99999","20.04","2026-04-09 20:05:00",""
"","362","100000","200000","18.53","2026-04-09 20:05:00",""
"","363","1000","10999","15.74","2026-04-09 20:05:00",""
"","363","11000","49999","15.39","2026-04-09 20:05:00",""
"","363","50000","99999","15.05","2026-04-09 20:05:00",""
"","363","100000","200000","14.36","2026-04-09 20:05:00",""
"","364","1000","10999","25.72","2026-04-09 20:05:00",""
"","364","11000","49999","25.03","2026-04-09 20:05:00",""
"","364","50000","99999","24.34","2026-04-09 20:05:00",""
"","364","100000","200000","22.97","2026-04-09 20:05:00",""
"","365","1000","10999","25.21","2026-04-09 20:05:00",""
"","365","11000","49999","24.52","2026-04-09 20:05:00",""
"","365","50000","99999","23.83","2026-04-09 20:05:00",""
"","365","100000","200000","22.45","2026-04-09 20:05:00",""
"","366","1000","10999","24.36","2026-04-09 20:05:00",""
"","366","11000","49999","23.67","2026-04-09 20:05:00",""
"","366","50000","99999","22.98","2026-04-09 20:05:00",""
"","366","100000","200000","21.6","2026-04-09 20:05:00",""
"","367","1000","10999","24.52","2026-04-09 20:05:00",""
"","367","11000","49999","23.83","2026-04-09 20:05:00",""
"","367","50000","99999","23.14","2026-04-09 20:05:00",""
"","367","100000","200000","21.77","2026-04-09 20:05:00",""
"","368","1000","10999","24.37","2026-04-09 20:05:00",""
"","368","11000","49999","23.65","2026-04-09 20:05:00",""
"","368","50000","99999","22.94","2026-04-09 20:05:00",""
"","368","100000","200000","21.56","2026-04-09 20:05:00",""
"","369","1000","10999","25.13","2026-04-09 20:05:00",""
"","369","11000","49999","24.44","2026-04-09 20:05:00",""
"","369","50000","99999","23.75","2026-04-09 20:05:00",""
"","369","100000","200000","22.38","2026-04-09 20:05:00",""
"","370","1000","10999","18.75","2026-04-09 20:05:00",""
"","370","11000","49999","18.07","2026-04-09 20:05:00",""
"","370","50000","99999","17.38","2026-04-09 20:05:00",""
"","370","100000","200000","16.69","2026-04-09 20:05:00",""
"","371","1000","10999","23.76","2026-04-09 20:05:00",""
"","371","11000","49999","22.85","2026-04-09 20:05:00",""
"","371","50000","99999","21.94","2026-04-09 20:05:00",""
"","371","100000","200000","21.06","2026-04-09 20:05:00",""
"","372","1000","10999","27.28","2026-04-09 20:05:00",""
"","372","11000","49999","26.55","2026-04-09 20:05:00",""
"","372","50000","99999","25.83","2026-04-09 20:05:00",""
"","372","100000","200000","24.39","2026-04-09 20:05:00",""
"","373","1000","10999","56.29","2026-04-09 20:05:00",""
"","373","11000","49999","54.92","2026-04-09 20:05:00",""
"","373","50000","99999","53.54","2026-04-09 20:05:00",""
"","373","100000","200000","50.79","2026-04-09 20:05:00",""
"","374","1000","10999","25.91","2026-04-09 20:05:00",""
"","374","11000","49999","25.22","2026-04-09 20:05:00",""
"","374","50000","99999","24.53","2026-04-09 20:05:00",""
"","374","100000","200000","23.16","2026-04-09 20:05:00",""
"","375","1000","10999","23.61","2026-04-09 20:05:00",""
"","375","11000","49999","23.26","2026-04-09 20:05:00",""
"","375","50000","99999","22.92","2026-04-09 20:05:00",""
"","375","100000","200000","22.37","2026-04-09 20:05:00",""
"","376","1000","10999","20.25","2026-04-09 20:05:00",""
"","376","11000","49999","19.56","2026-04-09 20:05:00",""
"","376","50000","99999","18.88","2026-04-09 20:05:00",""
"","376","100000","200000","17.5","2026-04-09 20:05:00",""
"","377","1000","10999","25.66","2026-04-09 20:05:00",""
"","377","11000","49999","24.97","2026-04-09 20:05:00",""
"","377","50000","99999","24.28","2026-04-09 20:05:00",""
"","377","100000","200000","22.91","2026-04-09 20:05:00",""
"","378","1000","10999","26.74","2026-04-09 20:05:00",""
"","378","11000","49999","25.98","2026-04-09 20:05:00",""
"","378","50000","99999","25.22","2026-04-09 20:05:00",""
"","378","100000","200000","23.71","2026-04-09 20:05:00",""
"","379","1000","10999","25.89","2026-04-09 20:05:00",""
"","379","11000","49999","25.1","2026-04-09 20:05:00",""
"","379","50000","99999","24.31","2026-04-09 20:05:00",""
"","379","100000","200000","22.8","2026-04-09 20:05:00",""
"","380","1000","10999","25.96","2026-04-09 20:05:00",""
"","380","11000","49999","25.2","2026-04-09 20:05:00",""
"","380","50000","99999","24.45","2026-04-09 20:05:00",""
"","380","100000","200000","22.93","2026-04-09 20:05:00",""
"","381","1000","10999","26.07","2026-04-09 20:05:00",""
"","381","11000","49999","25.36","2026-04-09 20:05:00",""
"","381","50000","99999","24.64","2026-04-09 20:05:00",""
"","381","100000","200000","23.21","2026-04-09 20:05:00",""
"","382","1000","10999","27.29","2026-04-09 20:05:00",""
"","382","11000","49999","26.74","2026-04-09 20:05:00",""
"","382","50000","99999","26.19","2026-04-09 20:05:00",""
"","382","100000","200000","24.53","2026-04-09 20:05:00",""
"","384","1000","10999","26.95","2026-04-09 20:05:00",""
"","384","11000","49999","26.34","2026-04-09 20:05:00",""
"","384","50000","99999","25.73","2026-04-09 20:05:00",""
"","384","100000","200000","24.29","2026-04-09 20:05:00",""
"","385","1000","10999","25.21","2026-04-09 20:05:00",""
"","385","11000","49999","24.52","2026-04-09 20:05:00",""
"","385","50000","99999","23.84","2026-04-09 20:05:00",""
"","385","100000","200000","22.46","2026-04-09 20:05:00",""
"","386","1000","10999","23.57","2026-04-09 20:05:00",""
"","386","11000","49999","22.88","2026-04-09 20:05:00",""
"","386","50000","99999","22.19","2026-04-09 20:05:00",""
"","386","100000","200000","20.82","2026-04-09 20:05:00",""
"","387","1000","10999","26.92","2026-04-09 20:05:00",""
"","387","11000","49999","26.2","2026-04-09 20:05:00",""
"","387","50000","99999","25.47","2026-04-09 20:05:00",""
"","387","100000","200000","24.02","2026-04-09 20:05:00",""
"","388","1000","10999","26.76","2026-04-09 20:05:00",""
"","388","11000","49999","26.04","2026-04-09 20:05:00",""
"","388","50000","99999","25.31","2026-04-09 20:05:00",""
"","388","100000","200000","23.87","2026-04-09 20:05:00",""
"","389","1000","10999","26.79","2026-04-09 20:05:00",""
"","389","11000","49999","26.07","2026-04-09 20:05:00",""
"","389","50000","99999","25.34","2026-04-09 20:05:00",""
"","389","100000","200000","23.89","2026-04-09 20:05:00",""
"","390","1000","10999","27.63","2026-04-09 20:05:00",""
"","390","11000","49999","26.91","2026-04-09 20:05:00",""
"","390","50000","99999","26.18","2026-04-09 20:05:00",""
"","390","100000","200000","24.73","2026-04-09 20:05:00",""
"","391","1000","10999","27.78","2026-04-09 20:05:00",""
"","391","11000","49999","27.05","2026-04-09 20:05:00",""
"","391","50000","99999","26.33","2026-04-09 20:05:00",""
"","391","100000","200000","24.88","2026-04-09 20:05:00",""
"","392","1000","10999","27.13","2026-04-09 20:05:00",""
"","392","11000","49999","26.4","2026-04-09 20:05:00",""
"","392","50000","99999","25.68","2026-04-09 20:05:00",""
"","392","100000","200000","24.23","2026-04-09 20:05:00",""
"","393","1000","10999","26.97","2026-04-09 20:05:00",""
"","393","11000","49999","26.24","2026-04-09 20:05:00",""
"","393","50000","99999","25.52","2026-04-09 20:05:00",""
"","393","100000","200000","24.07","2026-04-09 20:05:00",""
"","394","1000","10999","26.99","2026-04-09 20:05:00",""
"","394","11000","49999","26.27","2026-04-09 20:05:00",""
"","394","50000","99999","25.55","2026-04-09 20:05:00",""
"","394","100000","200000","24.1","2026-04-09 20:05:00",""
"","395","1000","10999","27.84","2026-04-09 20:05:00",""
"","395","11000","49999","27.11","2026-04-09 20:05:00",""
"","395","50000","99999","26.39","2026-04-09 20:05:00",""
"","395","100000","200000","24.94","2026-04-09 20:05:00",""
"","396","1000","10999","27.43","2026-04-09 20:05:00",""
"","396","11000","49999","26.85","2026-04-09 20:05:00",""
"","396","50000","99999","26.27","2026-04-09 20:05:00",""
"","396","100000","200000","25.69","2026-04-09 20:05:00",""
"","397","1000","10999","27.05","2026-04-09 20:05:00",""
"","397","11000","49999","26.33","2026-04-09 20:05:00",""
"","397","50000","99999","25.6","2026-04-09 20:05:00",""
"","397","100000","200000","24.15","2026-04-09 20:05:00",""
"","398","1000","10999","26.89","2026-04-09 20:05:00",""
"","398","11000","49999","26.18","2026-04-09 20:05:00",""
"","398","50000","99999","25.46","2026-04-09 20:05:00",""
"","398","100000","200000","24","2026-04-09 20:05:00",""
"","399","1000","10999","26.92","2026-04-09 20:05:00",""
"","399","11000","49999","26.2","2026-04-09 20:05:00",""
"","399","50000","99999","25.47","2026-04-09 20:05:00",""
"","399","100000","200000","24.02","2026-04-09 20:05:00",""
"","400","1000","10999","27.91","2026-04-09 20:05:00",""
"","400","11000","49999","27.18","2026-04-09 20:05:00",""
"","400","50000","99999","26.46","2026-04-09 20:05:00",""
"","400","100000","200000","25.01","2026-04-09 20:05:00",""
"","401","1000","10999","27.13","2026-04-09 20:05:00",""
"","401","11000","49999","26.4","2026-04-09 20:05:00",""
"","401","50000","99999","25.68","2026-04-09 20:05:00",""
"","401","100000","200000","24.23","2026-04-09 20:05:00",""
"","402","1000","10999","26.97","2026-04-09 20:05:00",""
"","402","11000","49999","26.24","2026-04-09 20:05:00",""
"","402","50000","99999","25.52","2026-04-09 20:05:00",""
"","402","100000","200000","24.07","2026-04-09 20:05:00",""
"","403","1000","10999","26.99","2026-04-09 20:05:00",""
"","403","11000","49999","26.27","2026-04-09 20:05:00",""
"","403","50000","99999","25.55","2026-04-09 20:05:00",""
"","403","100000","200000","24.1","2026-04-09 20:05:00",""
"","404","1000","10999","27.84","2026-04-09 20:05:00",""
"","404","11000","49999","27.11","2026-04-09 20:05:00",""
"","404","50000","99999","26.39","2026-04-09 20:05:00",""
"","404","100000","200000","24.94","2026-04-09 20:05:00",""
"","405","1000","10999","27.98","2026-04-09 20:05:00",""
"","405","11000","49999","27.26","2026-04-09 20:05:00",""
"","405","50000","99999","26.53","2026-04-09 20:05:00",""
"","405","100000","200000","25.08","2026-04-09 20:05:00",""
"","406","1000","10999","27.04","2026-04-09 20:05:00",""
"","406","11000","49999","26.31","2026-04-09 20:05:00",""
"","406","50000","99999","25.59","2026-04-09 20:05:00",""
"","406","100000","200000","24.14","2026-04-09 20:05:00",""
"","407","1000","10999","27.07","2026-04-09 20:05:00",""
"","407","11000","49999","26.34","2026-04-09 20:05:00",""
"","407","50000","99999","25.62","2026-04-09 20:05:00",""
"","407","100000","200000","24.17","2026-04-09 20:05:00",""
"","408","1000","10999","27.84","2026-04-09 20:05:00",""
"","408","11000","49999","27.11","2026-04-09 20:05:00",""
"","408","50000","99999","26.39","2026-04-09 20:05:00",""
"","408","100000","200000","24.94","2026-04-09 20:05:00",""
"","409","1000","10999","27.98","2026-04-09 20:05:00",""
"","409","11000","49999","27.26","2026-04-09 20:05:00",""
"","409","50000","99999","26.53","2026-04-09 20:05:00",""
"","409","100000","200000","25.08","2026-04-09 20:05:00",""
"","410","1000","10999","21.27","2026-04-09 20:05:00",""
"","410","11000","49999","20.59","2026-04-09 20:05:00",""
"","410","50000","99999","19.9","2026-04-09 20:05:00",""
"","410","100000","200000","18.52","2026-04-09 20:05:00",""
"","411","1000","10999","21.56","2026-04-09 20:05:00",""
"","411","11000","49999","20.8","2026-04-09 20:05:00",""
"","411","50000","99999","20.04","2026-04-09 20:05:00",""
"","411","100000","200000","18.53","2026-04-09 20:05:00",""
"","412","1000","10999","27.24","2026-04-09 20:05:00",""
"","412","11000","49999","26.48","2026-04-09 20:05:00",""
"","412","50000","99999","25.73","2026-04-09 20:05:00",""
"","412","100000","200000","24.21","2026-04-09 20:05:00",""
"","413","1000","10999","11.23","2026-04-09 20:05:00",""
"","413","11000","49999","10.48","2026-04-09 20:05:00",""
"","413","50000","99999","9.72","2026-04-09 20:05:00",""
"","413","100000","200000","8.34","2026-04-09 20:05:00",""
"","414","1000","10999","16.46","2026-04-09 20:05:00",""
"","414","11000","49999","16.05","2026-04-09 20:05:00",""
"","414","50000","99999","15.64","2026-04-09 20:05:00",""
"","414","100000","200000","15.09","2026-04-09 20:05:00",""
"","415","1000","10999","25.91","2026-04-09 20:05:00",""
"","415","11000","49999","25.22","2026-04-09 20:05:00",""
"","415","50000","99999","24.53","2026-04-09 20:05:00",""
"","415","100000","200000","23.16","2026-04-09 20:05:00",""
"","416","1000","10999","26.9","2026-04-09 20:05:00",""
"","416","11000","49999","26.87","2026-04-09 20:05:00",""
"","416","50000","99999","26.84","2026-04-09 20:05:00",""
"","416","100000","200000","26.79","2026-04-09 20:05:00",""
"","417","1000","10999","28.4","2026-04-09 20:05:00",""
"","417","11000","49999","27.72","2026-04-09 20:05:00",""
"","417","50000","99999","27.03","2026-04-09 20:05:00",""
"","417","100000","200000","25.65","2026-04-09 20:05:00",""
"","418","1000","10999","27.34","2026-04-09 20:05:00",""
"","418","11000","49999","26.58","2026-04-09 20:05:00",""
"","418","50000","99999","25.82","2026-04-09 20:05:00",""
"","418","100000","200000","24.31","2026-04-09 20:05:00",""
"","419","1000","10999","18.4","2026-04-09 20:05:00",""
"","419","11000","49999","18.4","2026-04-09 20:05:00",""
"","419","50000","99999","18.4","2026-04-09 20:05:00",""
"","419","100000","200000","18.4","2026-04-09 20:05:00",""
"","420","1000","10999","27.15","2026-04-09 20:05:00",""
"","420","11000","49999","26.79","2026-04-09 20:05:00",""
"","420","50000","99999","26.43","2026-04-09 20:05:00",""
"","420","100000","200000","25.56","2026-04-09 20:05:00",""
"","421","1000","10999","16.26","2026-04-09 20:05:00",""
"","421","11000","49999","15.82","2026-04-09 20:05:00",""
"","421","50000","99999","15.39","2026-04-09 20:05:00",""
"","421","100000","200000","14.3","2026-04-09 20:05:00",""
"","422","1000","10999","16.05","2026-04-09 20:05:00",""
"","422","11000","49999","15.64","2026-04-09 20:05:00",""
"","422","50000","99999","15.23","2026-04-09 20:05:00",""
"","422","100000","200000","14.4","2026-04-09 20:05:00",""
"","423","1000","10999","26.02","2026-04-09 20:05:00",""
"","423","11000","49999","25.23","2026-04-09 20:05:00",""
"","423","50000","99999","24.44","2026-04-09 20:05:00",""
"","423","100000","200000","22.11","2026-04-09 20:05:00",""
"","424","1000","10999","28.01","2026-04-09 20:05:00",""
"","424","11000","49999","27.28","2026-04-09 20:05:00",""
"","424","50000","99999","26.56","2026-04-09 20:05:00",""
"","424","100000","200000","25.11","2026-04-09 20:05:00",""
"","425","1000","10999","28.65","2026-04-09 20:05:00",""
"","425","11000","49999","27.92","2026-04-09 20:05:00",""
"","425","50000","99999","27.2","2026-04-09 20:05:00",""
"","425","100000","200000","25.75","2026-04-09 20:05:00",""
"","426","1000","10999","27.3","2026-04-09 20:05:00",""
"","426","11000","49999","26.57","2026-04-09 20:05:00",""
"","426","50000","99999","25.85","2026-04-09 20:05:00",""
"","426","100000","200000","24.4","2026-04-09 20:05:00",""
"","427","1000","10999","27.11","2026-04-09 20:05:00",""
"","427","11000","49999","26.56","2026-04-09 20:05:00",""
"","427","50000","99999","26.01","2026-04-09 20:05:00",""
"","427","100000","200000","23.95","2026-04-09 20:05:00",""
"","428","1000","10999","14.98","2026-04-09 20:05:00",""
"","428","11000","49999","13.85","2026-04-09 20:05:00",""
"","428","50000","99999","12.73","2026-04-09 20:05:00",""
"","428","100000","200000","-","2026-04-09 20:05:00",""
"","429","1000","10999","21.27","2026-04-09 20:05:00",""
"","429","11000","49999","20.59","2026-04-09 20:05:00",""
"","429","50000","99999","19.9","2026-04-09 20:05:00",""
"","429","100000","200000","-","2026-04-09 20:05:00",""
"","430","1000","10999","56.96","2026-04-09 20:05:00",""
"","430","11000","49999","55.55","2026-04-09 20:05:00",""
"","430","50000","99999","54.14","2026-04-09 20:05:00",""
"","430","100000","200000","51.32","2026-04-09 20:05:00",""
"","431","1000","10999","21.56","2026-04-09 20:05:00",""
"","431","11000","49999","20.8","2026-04-09 20:05:00",""
"","431","50000","99999","20.04","2026-04-09 20:05:00",""
"","431","100000","200000","18.53","2026-04-09 20:05:00",""
